PRODUCT,DRAW NUMBER,SEQUENCE NUMBER,DRAW DATE,NUMBER DRAWN 1,NUMBER DRAWN 2,NUMBER DRAWN 3,NUMBER DRAWN 4,NUMBER DRAWN 5,NUMBER DRAWN 6,BONUS NUMBER
649,2082,0,2004-01-03,9,13,24,36,44,45,30
649,2083,0,2004-01-07,2,6,13,20,42,48,37
649,2084,0,2004-01-10,13,16,18,21,32,33,26
649,2085,0,2004-01-14,1,7,12,24,44,49,5
649,2086,0,2004-01-17,2,12,25,40,41,47,14
649,2087,0,2004-01-21,1,7,26,40,43,45,46
649,2088,0,2004-01-24,3,8,17,20,26,47,38
649,2089,0,2004-01-28,3,14,20,23,25,45,12
649,2090,0,2004-01-31,1,20,23,36,38,49,7
649,2091,0,2004-02-04,8,22,37,38,45,47,43
649,2092,0,2004-02-07,3,14,26,27,35,44,28
649,2093,0,2004-02-11,4,10,14,19,21,28,12
649,2094,0,2004-02-14,1,5,12,17,31,44,36
649,2095,0,2004-02-18,21,22,26,27,40,47,3
649,2096,0,2004-02-21,4,5,26,33,38,44,49
649,2097,0,2004-02-25,1,9,25,27,37,40,45
649,2098,0,2004-02-28,3,15,17,26,27,46,38
649,2099,0,2004-03-03,1,2,7,16,43,44,20
649,2100,0,2004-03-06,12,17,25,26,43,44,2
649,2101,0,2004-03-10,2,17,35,41,46,48,5
649,2102,0,2004-03-13,9,27,32,38,39,49,46
649,2103,0,2004-03-17,2,23,25,33,34,41,3
649,2104,0,2004-03-20,9,13,21,25,38,41,33
649,2105,0,2004-03-24,5,15,19,24,26,46,43
649,2106,0,2004-03-27,7,19,31,43,45,49,36
649,2107,0,2004-03-31,2,3,17,18,19,46,30
649,2108,0,2004-04-03,3,17,22,25,40,46,27
649,2109,0,2004-04-07,1,10,18,20,30,40,34
649,2110,0,2004-04-10,20,33,36,45,46,47,39
649,2111,0,2004-04-14,9,12,14,19,31,43,32
649,2112,0,2004-04-17,11,13,18,20,24,29,8
649,2113,0,2004-04-21,12,24,32,36,39,47,43
649,2114,0,2004-04-24,4,6,15,22,23,27,25
649,2115,0,2004-04-28,16,30,36,39,45,47,22
649,2116,0,2004-05-01,8,21,24,26,34,38,14
649,2117,0,2004-05-05,5,13,16,20,28,31,4
649,2118,0,2004-05-08,4,7,24,39,43,44,23
649,2119,0,2004-05-12,1,10,26,29,40,45,18
649,2120,0,2004-05-15,21,24,30,32,40,41,7
649,2121,0,2004-05-19,5,16,24,26,46,48,11
649,2122,0,2004-05-22,1,11,12,15,32,46,20
649,2123,0,2004-05-26,14,35,37,44,46,48,13
649,2124,0,2004-05-29,24,29,30,31,34,46,38
649,2125,0,2004-06-02,1,4,20,21,26,43,7
649,2126,0,2004-06-05,12,13,17,26,43,45,11
649,2127,0,2004-06-09,7,23,24,27,41,42,49
649,2128,0,2004-06-12,4,10,28,29,30,46,2
649,2129,0,2004-06-16,4,22,30,39,46,47,49
649,2130,0,2004-06-19,1,33,40,41,45,48,46
649,2131,0,2004-06-23,4,6,15,22,27,40,26
649,2132,0,2004-06-26,1,7,8,10,18,36,42
649,2133,0,2004-06-30,2,21,31,32,41,49,7
649,2134,0,2004-07-03,1,11,14,20,31,40,26
649,2135,0,2004-07-07,2,7,26,35,39,43,17
649,2136,0,2004-07-10,4,26,30,31,48,49,23
649,2137,0,2004-07-14,7,19,32,35,36,43,12
649,2138,0,2004-07-17,10,18,23,26,41,43,42
649,2139,0,2004-07-21,19,21,24,25,45,46,39
649,2140,0,2004-07-24,6,13,17,19,24,29,35
649,2141,0,2004-07-28,4,8,25,29,36,37,14
649,2142,0,2004-07-31,3,21,31,40,43,49,23
649,2143,0,2004-08-04,6,7,9,11,30,43,4
649,2144,0,2004-08-07,3,12,23,30,36,37,35
649,2145,0,2004-08-11,4,16,18,28,30,38,35
649,2146,0,2004-08-14,13,29,31,36,37,42,25
649,2147,0,2004-08-18,3,4,13,21,27,29,19
649,2148,0,2004-08-21,28,30,31,37,39,46,34
649,2149,0,2004-08-25,9,16,22,23,33,45,46
649,2150,0,2004-08-28,17,19,23,24,28,38,12
649,2151,0,2004-09-01,1,2,21,30,31,38,46
649,2152,0,2004-09-04,2,4,5,44,46,47,3
649,2153,0,2004-09-08,10,26,37,40,42,47,5
649,2154,0,2004-09-11,7,10,21,29,32,43,27
649,2155,0,2004-09-15,1,3,15,16,22,39,37
649,2156,0,2004-09-18,7,11,15,39,42,48,40
649,2157,0,2004-09-22,13,30,32,33,42,46,5
649,2158,0,2004-09-25,15,17,20,21,44,47,26
649,2159,0,2004-09-29,10,12,14,27,34,36,26
649,2160,0,2004-10-02,4,9,14,27,35,48,32
649,2161,0,2004-10-06,20,26,29,31,40,49,18
649,2162,0,2004-10-09,16,23,33,35,43,49,6
649,2163,0,2004-10-13,6,15,22,30,31,48,1
649,2164,0,2004-10-16,1,3,11,40,42,48,35
649,2165,0,2004-10-20,2,3,13,14,31,36,9
649,2166,0,2004-10-23,1,8,13,24,27,43,36
649,2167,0,2004-10-27,29,30,33,34,37,46,47
649,2168,0,2004-10-30,18,26,29,39,43,45,9
649,2169,0,2004-11-03,10,18,19,37,43,48,12
649,2170,0,2004-11-06,1,6,16,34,37,41,12
649,2171,0,2004-11-10,2,9,19,33,35,45,12
649,2172,0,2004-11-13,4,6,7,17,31,36,27
649,2173,0,2004-11-17,13,24,30,41,43,47,17
649,2174,0,2004-11-20,28,30,38,44,45,48,18
649,2175,0,2004-11-24,15,17,19,20,35,38,31
649,2176,0,2004-11-27,12,15,30,38,47,48,27
649,2177,0,2004-12-01,4,23,26,35,36,40,48
649,2178,0,2004-12-04,16,24,26,30,39,42,6
649,2179,0,2004-12-08,5,11,25,28,35,49,46
649,2180,0,2004-12-11,2,9,40,43,47,48,39
649,2181,0,2004-12-15,1,17,32,35,38,48,26
649,2182,0,2004-12-18,3,18,27,32,37,40,42
649,2183,0,2004-12-22,11,17,35,38,43,47,42
649,2184,0,2004-12-25,4,13,16,32,35,37,34
649,2185,0,2004-12-29,6,11,21,37,40,46,35
649,2186,0,2005-01-01,10,16,17,34,40,47,41
649,2187,0,2005-01-05,1,2,30,36,42,43,23
649,2188,0,2005-01-08,3,15,18,19,32,48,17
649,2189,0,2005-01-12,1,13,21,34,36,42,8
649,2190,0,2005-01-15,1,8,27,33,34,42,21
649,2191,0,2005-01-19,2,5,18,21,34,43,36
649,2192,0,2005-01-22,8,10,33,41,42,45,35
649,2193,0,2005-01-26,8,9,13,17,34,44,12
649,2194,0,2005-01-29,4,24,26,37,41,43,11
649,2195,0,2005-02-02,2,6,7,13,31,36,32
649,2196,0,2005-02-05,11,17,26,31,46,48,1
649,2197,0,2005-02-09,10,15,21,23,28,37,41
649,2198,0,2005-02-12,5,12,16,26,37,43,40
649,2199,0,2005-02-16,4,5,17,18,34,38,1
649,2200,0,2005-02-19,12,16,27,35,39,41,24
649,2201,0,2005-02-23,5,8,10,32,48,49,29
649,2202,0,2005-02-26,4,12,22,37,43,49,8
649,2203,0,2005-03-02,3,16,19,22,23,25,32
649,2204,0,2005-03-05,6,12,20,21,24,43,22
649,2205,0,2005-03-09,4,10,11,18,23,34,49
649,2206,0,2005-03-12,6,7,8,30,34,43,19
649,2207,0,2005-03-16,8,10,18,19,25,41,34
649,2208,0,2005-03-19,2,9,12,30,35,46,37
649,2209,0,2005-03-23,1,14,32,33,37,40,7
649,2210,0,2005-03-26,2,19,27,32,41,43,24
649,2211,0,2005-03-30,7,10,24,27,30,47,41
649,2212,0,2005-04-02,4,12,24,25,38,41,11
649,2213,0,2005-04-06,7,8,24,28,29,40,12
649,2214,0,2005-04-09,7,10,11,47,48,49,26
649,2215,0,2005-04-13,11,12,23,29,30,40,9
649,2216,0,2005-04-16,2,11,16,31,33,41,17
649,2217,0,2005-04-20,8,9,12,20,45,48,39
649,2218,0,2005-04-23,18,19,23,29,33,45,8
649,2219,0,2005-04-27,9,14,17,22,26,46,3
649,2220,0,2005-04-30,10,11,18,21,32,42,19
649,2221,0,2005-05-04,12,19,23,24,29,44,28
649,2222,0,2005-05-07,6,26,28,30,33,34,49
649,2223,0,2005-05-11,9,10,16,18,20,49,46
649,2224,0,2005-05-14,5,11,20,23,27,28,42
649,2225,0,2005-05-18,2,5,6,12,19,36,7
649,2226,0,2005-05-21,1,21,23,27,40,45,38
649,2227,0,2005-05-25,10,12,16,21,29,48,1
649,2228,0,2005-05-28,6,12,17,28,37,46,11
649,2229,0,2005-06-01,3,14,25,29,33,42,21
649,2230,0,2005-06-04,11,16,18,19,21,23,41
649,2231,0,2005-06-08,3,8,20,22,38,49,5
649,2232,0,2005-06-11,3,4,11,28,30,45,16
649,2233,0,2005-06-15,7,10,13,33,39,42,47
649,2234,0,2005-06-18,5,6,7,36,38,46,20
649,2235,0,2005-06-22,9,10,13,30,33,39,32
649,2236,0,2005-06-25,2,10,11,17,26,44,25
649,2237,0,2005-06-29,19,42,43,44,46,47,26
649,2238,0,2005-07-02,2,18,22,38,39,44,10
649,2239,0,2005-07-06,5,7,23,25,31,49,16
649,2240,0,2005-07-09,3,8,10,23,26,28,22
649,2241,0,2005-07-13,1,7,8,14,32,33,26
649,2242,0,2005-07-16,14,22,23,32,43,49,34
649,2243,0,2005-07-20,2,7,22,27,45,48,42
649,2244,0,2005-07-23,12,22,25,30,33,38,17
649,2245,0,2005-07-27,8,19,22,30,34,47,18
649,2246,0,2005-07-30,10,16,21,29,38,45,25
649,2247,0,2005-08-03,4,5,6,10,23,35,18
649,2248,0,2005-08-06,6,22,28,36,41,48,24
649,2249,0,2005-08-10,4,10,16,22,39,42,43
649,2250,0,2005-08-13,10,17,21,40,44,45,39
649,2251,0,2005-08-17,4,7,24,27,28,41,37
649,2252,0,2005-08-20,4,14,17,23,26,38,47
649,2253,0,2005-08-24,3,22,25,32,36,41,9
649,2254,0,2005-08-27,2,32,39,42,45,46,49
649,2255,0,2005-08-31,1,18,30,33,36,47,23
649,2256,0,2005-09-03,8,12,22,37,42,46,24
649,2257,0,2005-09-07,2,3,16,37,45,49,22
649,2258,0,2005-09-10,6,8,26,33,35,42,41
649,2259,0,2005-09-14,2,6,18,25,30,32,11
649,2260,0,2005-09-17,4,7,13,33,40,47,37
649,2261,0,2005-09-21,15,17,24,26,34,35,8
649,2262,0,2005-09-24,15,20,32,39,40,47,30
649,2263,0,2005-09-28,4,11,21,27,38,41,36
649,2264,0,2005-10-01,9,14,19,23,43,45,20
649,2265,0,2005-10-05,1,12,15,16,21,35,40
649,2266,0,2005-10-08,5,13,15,17,24,27,29
649,2267,0,2005-10-12,11,15,23,34,35,36,28
649,2268,0,2005-10-15,1,20,31,32,45,46,39
649,2269,0,2005-10-19,11,19,33,35,39,40,32
649,2270,0,2005-10-22,3,21,25,26,31,40,41
649,2271,0,2005-10-26,5,11,20,30,37,43,31
649,2272,0,2005-10-29,4,14,19,25,26,49,21
649,2273,0,2005-11-02,9,13,14,40,43,49,32
649,2274,0,2005-11-05,4,30,39,42,45,46,38
649,2275,0,2005-11-09,7,30,36,39,42,49,9
649,2276,0,2005-11-12,1,14,24,30,35,45,9
649,2277,0,2005-11-16,11,14,36,40,43,45,25
649,2278,0,2005-11-19,1,6,8,11,23,46,13
649,2279,0,2005-11-23,4,6,10,17,33,49,37
649,2280,0,2005-11-26,15,21,31,35,41,46,22
649,2281,0,2005-11-30,5,18,22,28,29,32,17
649,2282,0,2005-12-03,16,19,21,25,35,45,24
649,2283,0,2005-12-07,2,8,12,19,23,41,49
649,2284,0,2005-12-10,6,18,23,37,40,45,48
649,2285,0,2005-12-14,4,19,24,31,35,43,7
649,2286,0,2005-12-17,4,13,18,19,42,43,45
649,2287,0,2005-12-21,4,9,25,27,31,33,44
649,2288,0,2005-12-24,16,17,18,23,28,33,27
649,2289,0,2005-12-28,6,7,10,29,42,44,25
649,2290,0,2005-12-31,10,13,31,33,34,35,22
649,2291,0,2006-01-04,6,21,33,42,43,46,25
649,2292,0,2006-01-07,5,20,28,30,41,42,16
649,2293,0,2006-01-11,12,35,36,43,44,45,46
649,2294,0,2006-01-14,11,29,35,36,44,48,30
649,2295,0,2006-01-18,3,8,9,20,22,35,4
649,2296,0,2006-01-21,3,5,10,21,30,37,8
649,2297,0,2006-01-25,7,14,20,21,42,45,18
649,2298,0,2006-01-28,9,19,22,33,37,46,35
649,2299,0,2006-02-01,2,12,14,41,42,43,20
649,2300,0,2006-02-04,2,16,17,29,39,41,11
649,2301,0,2006-02-08,19,29,33,40,46,48,34
649,2302,0,2006-02-11,5,21,29,30,36,45,49
649,2303,0,2006-02-15,12,13,15,32,40,43,47
649,2304,0,2006-02-18,17,20,24,28,31,41,25
649,2305,0,2006-02-22,8,26,31,35,36,47,24
649,2306,0,2006-02-25,7,9,13,23,26,47,28
649,2307,0,2006-03-01,9,15,22,33,38,48,10
649,2308,0,2006-03-04,7,28,35,40,42,48,46
649,2309,0,2006-03-08,11,15,18,33,42,49,21
649,2310,0,2006-03-11,12,13,19,20,21,29,38
649,2311,0,2006-03-15,2,7,15,23,25,45,41
649,2312,0,2006-03-18,1,6,31,37,44,45,19
649,2313,0,2006-03-22,8,12,17,23,36,38,43
649,2314,0,2006-03-25,17,23,24,33,35,41,47
649,2315,0,2006-03-29,1,14,23,35,47,49,5
649,2316,0,2006-04-01,4,6,8,12,34,38,14
649,2317,0,2006-04-05,10,19,20,35,36,38,26
649,2318,0,2006-04-08,1,6,8,10,15,20,34
649,2319,0,2006-04-12,11,14,15,29,31,47,19
649,2320,0,2006-04-15,2,3,9,21,26,29,42
649,2321,0,2006-04-19,3,7,16,18,29,49,32
649,2322,0,2006-04-22,21,22,23,24,48,49,3
649,2323,0,2006-04-26,1,25,35,36,37,44,15
649,2324,0,2006-04-29,4,29,35,40,43,45,9
649,2325,0,2006-05-03,1,17,24,29,34,46,27
649,2326,0,2006-05-06,6,28,30,31,34,48,47
649,2327,0,2006-05-10,3,17,36,44,45,48,8
649,2328,0,2006-05-13,2,10,11,16,42,43,21
649,2329,0,2006-05-17,9,19,20,24,36,48,10
649,2330,0,2006-05-20,15,18,22,31,43,49,26
649,2331,0,2006-05-24,1,15,18,19,29,37,5
649,2332,0,2006-05-27,9,15,18,34,35,45,6
649,2333,0,2006-05-31,11,14,34,40,42,43,6
649,2334,0,2006-06-03,8,20,21,27,36,48,11
649,2335,0,2006-06-07,11,12,14,27,34,48,8
649,2336,0,2006-06-10,18,23,32,34,41,46,49
649,2337,0,2006-06-14,10,11,36,38,46,48,26
649,2338,0,2006-06-17,11,14,20,25,31,36,48
649,2339,0,2006-06-21,4,17,34,39,41,46,26
649,2340,0,2006-06-24,2,20,26,29,37,45,17
649,2341,0,2006-06-28,3,5,19,20,34,47,31
649,2342,0,2006-07-01,11,19,36,41,46,49,38
649,2343,0,2006-07-05,2,21,22,29,34,35,7
649,2344,0,2006-07-08,11,14,29,33,42,44,7
649,2345,0,2006-07-12,6,26,30,38,44,45,16
649,2346,0,2006-07-15,13,17,21,33,41,42,38
649,2347,0,2006-07-19,8,13,21,22,24,39,4
649,2348,0,2006-07-22,2,6,9,20,43,44,46
649,2349,0,2006-07-26,3,7,15,38,43,47,32
649,2350,0,2006-07-29,13,16,21,42,46,49,8
649,2351,0,2006-08-02,6,26,27,33,41,42,24
649,2352,0,2006-08-05,2,13,19,25,30,32,40
649,2353,0,2006-08-09,13,15,28,29,33,47,25
649,2354,0,2006-08-12,3,10,21,23,33,44,43
649,2355,0,2006-08-16,3,4,8,25,41,48,22
649,2356,0,2006-08-19,9,10,19,43,47,49,29
649,2357,0,2006-08-23,4,7,16,23,27,39,3
649,2358,0,2006-08-26,1,9,10,24,32,35,39
649,2359,0,2006-08-30,1,9,15,26,29,32,46
649,2360,0,2006-09-02,3,9,10,14,17,19,12
649,2361,0,2006-09-06,3,8,20,26,37,46,27
649,2362,0,2006-09-09,13,22,31,32,34,48,26
649,2363,0,2006-09-13,19,30,32,33,38,41,14
649,2364,0,2006-09-16,5,13,14,29,39,40,34
649,2365,0,2006-09-20,10,30,41,43,45,47,34
649,2366,0,2006-09-23,6,11,19,20,32,39,38
649,2367,0,2006-09-27,15,23,38,40,41,49,2
649,2368,0,2006-09-30,1,10,18,24,31,46,19
649,2369,0,2006-10-04,12,13,22,26,37,45,14
649,2370,0,2006-10-07,15,20,33,37,39,45,13
649,2371,0,2006-10-11,8,12,24,30,34,35,47
649,2372,0,2006-10-14,9,14,22,45,47,49,25
649,2373,0,2006-10-18,6,18,25,34,45,49,41
649,2374,0,2006-10-21,2,4,25,29,41,43,38
649,2375,0,2006-10-25,9,33,37,38,42,49,31
649,2376,0,2006-10-28,1,10,26,38,39,47,45
649,2377,0,2006-11-01,2,18,24,25,30,40,45
649,2378,0,2006-11-04,6,23,30,33,37,41,17
649,2379,0,2006-11-08,3,4,20,38,42,48,34
649,2380,0,2006-11-11,3,5,6,7,26,40,16
649,2381,0,2006-11-15,5,8,34,37,44,47,24
649,2382,0,2006-11-18,1,11,22,25,39,41,44
649,2383,0,2006-11-22,3,8,14,28,31,39,32
649,2384,0,2006-11-25,1,18,20,23,41,47,37
649,2385,0,2006-11-29,5,9,14,31,37,46,8
649,2386,0,2006-12-02,8,32,33,43,46,49,1
649,2387,0,2006-12-06,2,6,12,18,22,29,4
649,2388,0,2006-12-09,4,11,18,20,29,44,24
649,2389,0,2006-12-13,8,11,22,27,33,36,1
649,2390,0,2006-12-16,7,22,24,30,38,46,41
649,2391,0,2006-12-20,2,9,12,29,33,37,46
649,2392,0,2006-12-23,4,6,19,22,23,45,43
649,2393,0,2006-12-27,4,5,12,24,38,45,22
649,2394,0,2006-12-30,10,14,18,40,45,49,1
649,2395,0,2007-01-03,4,14,17,20,38,48,7
649,2396,0,2007-01-06,19,20,33,43,45,47,38
649,2397,0,2007-01-10,9,16,19,41,46,49,4
649,2398,0,2007-01-13,1,2,3,19,25,41,31
649,2399,0,2007-01-17,5,7,9,30,39,40,25
649,2400,0,2007-01-20,24,40,45,47,48,49,7
649,2401,0,2007-01-24,6,11,20,26,34,35,2
649,2402,0,2007-01-27,6,9,17,20,22,40,7
649,2403,0,2007-01-31,2,6,9,11,14,37,25
649,2404,0,2007-02-03,10,13,24,27,37,39,14
649,2405,0,2007-02-07,4,8,11,27,37,47,21
649,2406,0,2007-02-10,8,13,23,37,41,42,26
649,2407,0,2007-02-14,10,24,35,40,41,45,39
649,2408,0,2007-02-17,13,20,31,36,43,46,19
649,2409,0,2007-02-21,5,6,17,21,31,46,49
649,2410,0,2007-02-24,4,6,15,33,38,40,13
649,2411,0,2007-02-28,3,6,12,15,43,44,37
649,2412,0,2007-03-03,3,21,27,37,43,44,9
649,2413,0,2007-03-07,7,9,21,29,31,47,12
649,2414,0,2007-03-10,9,18,28,37,42,49,24
649,2415,0,2007-03-14,12,19,22,34,46,47,36
649,2416,0,2007-03-17,13,21,23,27,28,34,31
649,2417,0,2007-03-21,3,7,26,30,33,46,32
649,2418,0,2007-03-24,1,13,19,26,32,46,28
649,2419,0,2007-03-28,7,20,24,25,29,45,36
649,2420,0,2007-03-31,4,9,16,32,37,41,5
649,2421,0,2007-04-04,5,16,21,25,40,48,31
649,2422,0,2007-04-07,10,12,23,26,35,37,47
649,2423,0,2007-04-11,6,10,21,24,38,48,26
649,2424,0,2007-04-14,6,15,22,26,41,49,9
649,2425,0,2007-04-18,14,22,25,30,44,48,1
649,2426,0,2007-04-21,17,29,33,43,45,49,18
649,2427,0,2007-04-25,3,6,12,19,24,29,40
649,2428,0,2007-04-28,3,19,20,23,35,38,48
649,2429,0,2007-05-02,22,24,32,33,37,41,46
649,2430,0,2007-05-05,1,23,26,28,33,40,10
649,2431,0,2007-05-09,11,17,27,32,39,49,19
649,2432,0,2007-05-12,5,7,13,27,45,47,11
649,2433,0,2007-05-16,11,14,31,33,37,45,9
649,2434,0,2007-05-19,8,16,33,37,40,42,35
649,2435,0,2007-05-23,4,13,19,23,33,48,16
649,2436,0,2007-05-26,6,17,29,32,36,47,37
649,2437,0,2007-05-30,3,16,20,27,34,35,38
649,2438,0,2007-06-02,8,16,19,32,40,46,28
649,2439,0,2007-06-06,2,11,24,31,39,49,9
649,2440,0,2007-06-09,10,20,25,41,44,46,6
649,2441,0,2007-06-13,2,10,19,36,40,48,18
649,2442,0,2007-06-16,3,15,31,33,43,48,24
649,2443,0,2007-06-20,4,7,13,41,44,47,19
649,2444,0,2007-06-23,7,20,24,37,43,49,21
649,2445,0,2007-06-27,7,14,17,19,34,37,11
649,2446,0,2007-06-30,6,12,25,43,45,47,31
649,2447,0,2007-07-04,20,25,26,39,42,44,10
649,2448,0,2007-07-07,10,19,25,31,37,40,1
649,2449,0,2007-07-11,4,14,21,29,36,41,46
649,2450,0,2007-07-14,10,27,33,38,40,49,21
649,2451,0,2007-07-18,2,3,18,31,38,46,17
649,2452,0,2007-07-21,9,10,22,29,38,41,11
649,2453,0,2007-07-25,8,11,12,18,40,42,17
649,2454,0,2007-07-28,1,5,17,32,39,45,40
649,2455,0,2007-08-01,7,21,23,37,43,48,35
649,2456,0,2007-08-04,9,17,18,20,41,49,46
649,2457,0,2007-08-08,2,15,28,41,42,46,3
649,2458,0,2007-08-11,1,17,23,34,37,49,13
649,2459,0,2007-08-15,3,16,22,27,28,32,5
649,2460,0,2007-08-18,2,12,32,34,38,48,43
649,2461,0,2007-08-22,2,7,18,32,36,43,22
649,2462,0,2007-08-25,9,19,31,35,39,42,1
649,2463,0,2007-08-29,7,21,22,24,30,31,29
649,2464,0,2007-09-01,11,17,18,28,31,46,42
649,2465,0,2007-09-05,17,18,20,22,25,36,11
649,2466,0,2007-09-08,3,8,16,20,24,25,23
649,2467,0,2007-09-12,10,11,16,21,24,38,23
649,2468,0,2007-09-15,9,39,40,43,46,48,24
649,2469,0,2007-09-19,5,17,24,36,41,49,39
649,2470,0,2007-09-22,5,8,12,15,39,47,40
649,2471,0,2007-09-26,21,25,32,35,40,47,6
649,2472,0,2007-09-29,9,19,26,29,39,45,33
649,2473,0,2007-10-03,3,17,18,24,31,32,42
649,2474,0,2007-10-06,5,15,30,35,41,48,6
649,2475,0,2007-10-10,9,37,39,45,47,48,4
649,2476,0,2007-10-13,1,26,30,32,39,47,21
649,2477,0,2007-10-17,12,24,33,36,39,45,28
649,2478,0,2007-10-20,7,8,13,26,32,35,41
649,2479,0,2007-10-24,8,9,31,42,45,49,19
649,2480,0,2007-10-27,12,13,17,34,40,47,9
649,2481,0,2007-10-31,2,8,23,25,33,48,43
649,2482,0,2007-11-03,8,23,33,40,46,49,37
649,2483,0,2007-11-07,4,12,24,25,37,49,33
649,2484,0,2007-11-10,3,13,14,17,20,42,40
649,2485,0,2007-11-14,3,15,24,25,40,44,39
649,2486,0,2007-11-17,14,17,27,41,47,48,24
649,2487,0,2007-11-21,2,10,13,15,28,41,38
649,2488,0,2007-11-24,1,10,25,27,30,36,41
649,2489,0,2007-11-28,7,13,27,37,40,46,11
649,2490,0,2007-12-01,16,21,31,40,43,45,37
649,2491,0,2007-12-05,1,2,23,29,30,42,12
649,2492,0,2007-12-08,2,9,11,22,35,45,31
649,2493,0,2007-12-12,6,24,31,32,34,39,22
649,2494,0,2007-12-15,3,11,32,34,44,48,33
649,2495,0,2007-12-19,6,9,15,32,37,48,38
649,2496,0,2007-12-22,8,17,30,36,40,47,24
649,2497,0,2007-12-26,8,10,12,14,31,39,9
649,2498,0,2007-12-29,7,13,16,24,35,42,1
649,2499,0,2008-01-02,4,6,7,16,32,45,43
649,2500,0,2008-01-05,3,22,25,36,39,40,41
649,2501,0,2008-01-09,5,22,25,30,45,46,41
649,2502,0,2008-01-12,3,10,32,43,44,46,35
649,2503,0,2008-01-16,7,15,34,39,41,49,22
649,2504,0,2008-01-19,13,18,22,29,37,49,47
649,2505,0,2008-01-23,6,10,13,20,32,37,34
649,2506,0,2008-01-26,1,5,11,37,44,47,36
649,2507,0,2008-01-30,1,20,21,23,40,41,12
649,2508,0,2008-02-02,7,11,13,34,46,47,9
649,2509,0,2008-02-06,2,4,11,30,34,47,42
649,2510,0,2008-02-09,3,17,26,33,39,46,18
649,2511,0,2008-02-13,14,24,26,29,41,46,22
649,2512,0,2008-02-16,19,29,33,35,44,49,22
649,2513,0,2008-02-20,1,6,8,38,39,40,31
649,2514,0,2008-02-23,4,14,20,31,32,42,18
649,2515,0,2008-02-27,2,4,17,33,36,45,35
649,2516,0,2008-03-01,3,7,9,28,31,43,2
649,2517,0,2008-03-05,17,20,33,35,37,40,25
649,2518,0,2008-03-08,11,12,13,16,46,48,28
649,2519,0,2008-03-12,3,11,22,29,41,44,48
649,2520,0,2008-03-15,3,9,11,19,30,39,20
649,2521,0,2008-03-19,23,40,41,42,44,45,43
649,2522,0,2008-03-22,5,6,10,25,36,38,7
649,2523,0,2008-03-26,1,6,15,27,33,40,46
649,2524,0,2008-03-29,4,7,10,12,26,33,24
649,2525,0,2008-04-02,2,5,8,20,21,33,11
649,2526,0,2008-04-05,16,18,21,27,36,43,44
649,2527,0,2008-04-09,20,21,22,29,39,41,25
649,2528,0,2008-04-12,1,13,23,35,38,42,22
649,2529,0,2008-04-16,13,25,34,35,47,48,22
649,2530,0,2008-04-19,5,27,30,32,46,49,9
649,2531,0,2008-04-23,12,24,25,29,41,45,14
649,2532,0,2008-04-26,1,2,18,38,42,45,30
649,2533,0,2008-04-30,3,6,19,23,39,43,14
649,2534,0,2008-05-03,3,6,15,27,40,44,41
649,2535,0,2008-05-07,13,22,29,33,46,49,18
649,2536,0,2008-05-10,13,15,17,26,34,48,25
649,2537,0,2008-05-14,9,20,22,28,35,42,15
649,2538,0,2008-05-17,5,21,35,38,47,48,45
649,2539,0,2008-05-21,3,4,7,19,28,32,6
649,2540,0,2008-05-24,3,16,22,39,42,49,28
649,2541,0,2008-05-28,3,4,22,23,26,28,8
649,2542,0,2008-05-31,2,9,11,22,34,35,26
649,2543,0,2008-06-04,5,21,25,32,33,41,45
649,2544,0,2008-06-07,27,29,33,36,46,48,24
649,2545,0,2008-06-11,2,24,33,35,44,48,37
649,2546,0,2008-06-14,6,9,14,18,42,44,36
649,2547,0,2008-06-18,2,12,31,40,44,45,11
649,2548,0,2008-06-21,6,7,14,16,17,27,32
649,2549,0,2008-06-25,1,23,29,34,37,45,8
649,2550,0,2008-06-28,4,16,20,23,28,44,32
649,2551,0,2008-07-02,12,18,19,35,42,43,44
649,2552,0,2008-07-05,2,7,8,32,43,49,48
649,2553,0,2008-07-09,2,25,28,40,45,46,34
649,2554,0,2008-07-12,15,18,19,21,24,35,37
649,2555,0,2008-07-16,3,10,16,17,25,39,19
649,2556,0,2008-07-19,10,20,28,36,40,46,23
649,2557,0,2008-07-23,7,9,25,35,40,48,1
649,2558,0,2008-07-26,2,6,20,23,38,45,24
649,2559,0,2008-07-30,3,10,21,26,38,43,48
649,2560,0,2008-08-02,2,9,26,44,47,49,34
649,2561,0,2008-08-06,10,18,22,26,34,38,39
649,2562,0,2008-08-09,1,34,37,39,40,42,11
649,2563,0,2008-08-13,1,16,28,29,39,45,23
649,2564,0,2008-08-16,12,16,19,32,42,49,3
649,2565,0,2008-08-20,3,6,9,27,28,36,45
649,2566,0,2008-08-23,3,7,13,30,38,46,24
649,2567,0,2008-08-27,2,12,25,28,35,48,3
649,2568,0,2008-08-30,2,26,29,36,37,45,31
649,2569,0,2008-09-03,5,21,28,32,43,46,13
649,2570,0,2008-09-06,2,5,9,17,32,35,36
649,2571,0,2008-09-10,2,15,25,31,38,49,48
649,2572,0,2008-09-13,5,18,20,26,37,39,14
649,2573,0,2008-09-17,7,9,17,23,27,32,22
649,2574,0,2008-09-20,2,10,24,31,33,49,3
649,2575,0,2008-09-24,10,27,36,40,42,43,37
649,2576,0,2008-09-27,11,19,29,33,44,46,34
649,2577,0,2008-10-01,2,8,22,29,34,48,47
649,2578,0,2008-10-04,12,19,23,25,36,46,2
649,2579,0,2008-10-08,4,13,19,32,40,45,28
649,2580,0,2008-10-11,7,8,23,38,39,45,47
649,2581,0,2008-10-15,7,9,15,21,38,40,13
649,2582,0,2008-10-18,11,13,26,32,34,44,2
649,2583,0,2008-10-22,8,9,12,20,42,45,39
649,2584,0,2008-10-25,4,9,25,26,41,46,40
649,2585,0,2008-10-29,1,3,26,33,42,46,45
649,2586,0,2008-11-01,18,25,33,40,42,49,19
649,2587,0,2008-11-05,4,13,17,27,35,45,34
649,2588,0,2008-11-08,2,3,19,28,36,45,39
649,2589,0,2008-11-12,12,30,34,38,39,43,36
649,2590,0,2008-11-15,8,9,12,16,19,21,47
649,2591,0,2008-11-19,24,28,34,38,44,45,35
649,2592,0,2008-11-22,9,21,28,37,44,49,19
649,2593,0,2008-11-26,11,33,34,42,43,48,7
649,2594,0,2008-11-29,9,12,16,26,30,37,27
649,2595,0,2008-12-03,2,8,12,22,36,37,23
649,2596,0,2008-12-06,4,8,29,37,40,48,45
649,2597,0,2008-12-10,6,12,18,27,42,43,7
649,2598,0,2008-12-13,4,15,34,36,43,47,9
649,2599,0,2008-12-17,11,18,22,28,30,49,25
649,2600,0,2008-12-20,4,7,8,10,47,48,6
649,2601,0,2008-12-24,11,12,29,32,35,43,26
649,2602,0,2008-12-27,6,10,20,23,45,47,11
649,2603,0,2008-12-31,5,7,23,33,37,38,26
649,2604,0,2009-01-03,4,13,17,25,36,48,28
649,2605,0,2009-01-07,10,13,19,35,39,41,4
649,2606,0,2009-01-10,11,17,18,25,27,34,19
649,2607,0,2009-01-14,20,35,36,37,39,49,38
649,2608,0,2009-01-17,8,12,20,28,39,47,10
649,2609,0,2009-01-21,8,32,34,39,43,48,25
649,2610,0,2009-01-24,9,13,20,29,45,46,5
649,2611,0,2009-01-28,1,6,20,22,24,46,36
649,2612,0,2009-01-31,14,15,20,28,34,39,41
649,2613,0,2009-02-04,15,16,22,31,43,44,32
649,2614,0,2009-02-07,14,20,24,30,34,37,31
649,2615,0,2009-02-11,1,6,17,19,41,42,31
649,2616,0,2009-02-14,16,25,29,37,45,49,20
649,2617,0,2009-02-18,11,17,34,37,41,49,5
649,2618,0,2009-02-21,11,20,33,34,37,39,22
649,2619,0,2009-02-25,5,11,26,31,36,39,4
649,2620,0,2009-02-28,2,8,26,46,48,49,34
649,2621,0,2009-03-04,7,15,23,25,27,40,43
649,2622,0,2009-03-07,8,12,14,22,29,49,11
649,2623,0,2009-03-11,2,18,20,23,24,48,30
649,2624,0,2009-03-14,4,11,13,16,41,45,35
649,2625,0,2009-03-18,11,27,29,33,34,44,36
649,2626,0,2009-03-21,14,19,34,37,39,42,47
649,2627,0,2009-03-25,9,16,34,42,44,48,13
649,2628,0,2009-03-28,6,10,33,39,40,48,43
649,2629,0,2009-04-01,4,6,24,32,46,48,8
649,2630,0,2009-04-04,17,20,22,37,40,48,33
649,2631,0,2009-04-08,2,5,13,24,35,43,18
649,2632,0,2009-04-11,5,6,7,11,17,34,48
649,2633,0,2009-04-15,6,13,23,34,41,43,27
649,2634,0,2009-04-18,4,5,21,33,42,47,24
649,2635,0,2009-04-22,10,12,21,38,41,42,28
649,2636,0,2009-04-25,1,11,17,29,31,46,35
649,2637,0,2009-04-29,8,20,22,29,33,49,48
649,2638,0,2009-05-02,8,15,17,22,30,40,11
649,2639,0,2009-05-06,1,4,9,20,30,44,18
649,2640,0,2009-05-09,14,19,23,31,34,39,24
649,2641,0,2009-05-13,6,10,24,28,31,46,25
649,2642,0,2009-05-16,16,17,23,27,30,45,39
649,2643,0,2009-05-20,4,22,26,29,39,48,31
649,2644,0,2009-05-23,7,8,15,24,27,32,34
649,2645,0,2009-05-27,3,4,24,26,29,49,13
649,2646,0,2009-05-30,1,7,19,21,39,45,42
649,2647,0,2009-06-03,5,6,14,30,38,39,34
649,2648,0,2009-06-06,11,12,18,21,30,37,1
649,2649,0,2009-06-10,9,27,28,40,45,48,24
649,2650,0,2009-06-13,1,15,20,30,41,48,10
649,2651,0,2009-06-17,4,5,8,15,19,40,22
649,2652,0,2009-06-20,4,5,19,28,31,38,34
649,2653,0,2009-06-24,13,19,23,33,38,48,2
649,2654,0,2009-06-27,5,15,28,31,32,45,11
649,2655,0,2009-07-01,2,5,19,26,29,31,28
649,2656,0,2009-07-04,1,14,23,27,32,44,48
649,2657,0,2009-07-08,12,32,35,36,37,46,23
649,2658,0,2009-07-11,9,11,18,23,29,40,26
649,2659,0,2009-07-15,3,5,16,26,40,45,31
649,2660,0,2009-07-18,2,4,15,39,45,49,37
649,2661,0,2009-07-22,8,14,24,36,40,42,19
649,2662,0,2009-07-25,10,19,29,32,38,44,3
649,2663,0,2009-07-29,3,23,29,37,44,45,39
649,2664,0,2009-08-01,13,14,24,31,40,48,44
649,2665,0,2009-08-05,2,5,12,31,34,48,44
649,2666,0,2009-08-08,11,22,31,32,40,49,13
649,2667,0,2009-08-12,7,10,31,32,42,47,30
649,2668,0,2009-08-15,5,6,15,31,38,39,36
649,2669,0,2009-08-19,5,6,22,23,25,27,32
649,2670,0,2009-08-22,15,19,23,38,43,49,33
649,2671,0,2009-08-26,4,6,9,29,33,49,15
649,2672,0,2009-08-29,9,10,26,29,32,37,12
649,2673,0,2009-09-02,4,6,9,30,33,49,13
649,2674,0,2009-09-05,12,13,27,32,45,46,18
649,2675,0,2009-09-09,3,6,17,27,28,44,43
649,2676,0,2009-09-12,3,12,13,36,46,48,9
649,2677,0,2009-09-16,6,17,36,41,42,49,1
649,2678,0,2009-09-19,1,7,23,29,30,33,9
649,2679,0,2009-09-23,4,8,11,12,34,43,22
649,2680,0,2009-09-26,5,6,14,18,30,35,2
649,2681,0,2009-09-30,4,10,29,33,39,46,2
649,2682,0,2009-10-03,14,19,27,32,45,49,34
649,2683,0,2009-10-07,2,4,12,24,36,38,16
649,2684,0,2009-10-10,5,11,12,22,23,26,41
649,2685,0,2009-10-14,4,17,19,22,24,46,30
649,2686,0,2009-10-17,8,17,24,34,42,46,5
649,2687,0,2009-10-21,2,11,29,32,48,49,34
649,2688,0,2009-10-24,5,13,25,34,36,46,41
649,2689,0,2009-10-28,18,26,32,34,43,44,37
649,2690,0,2009-10-31,5,24,31,34,35,44,46
649,2691,0,2009-11-04,2,7,8,18,20,37,12
649,2692,0,2009-11-07,12,15,18,25,29,32,14
649,2693,0,2009-11-11,1,19,23,24,25,43,5
649,2694,0,2009-11-14,1,9,19,25,31,41,42
649,2695,0,2009-11-18,2,4,13,24,30,42,9
649,2696,0,2009-11-21,18,25,35,43,46,47,4
649,2697,0,2009-11-25,5,10,16,19,33,47,24
649,2698,0,2009-11-28,17,26,27,28,33,49,43
649,2699,0,2009-12-02,2,4,24,25,47,48,44
649,2700,0,2009-12-05,8,10,14,22,28,29,2
649,2701,0,2009-12-09,1,15,17,26,28,38,44
649,2702,0,2009-12-12,16,20,26,31,38,49,42
649,2703,0,2009-12-16,4,22,23,46,48,49,18
649,2704,0,2009-12-19,12,15,19,41,42,49,48
649,2705,0,2009-12-23,1,5,9,11,22,38,27
649,2706,0,2009-12-26,5,14,34,38,40,43,36
649,2707,0,2009-12-30,5,9,23,30,34,36,24
649,2708,0,2010-01-02,16,22,25,33,39,48,28
649,2709,0,2010-01-06,10,12,15,23,26,44,30
649,2710,0,2010-01-09,7,9,10,27,28,40,42
649,2711,0,2010-01-13,26,28,30,39,40,48,27
649,2712,0,2010-01-16,12,21,25,30,41,43,48
649,2713,0,2010-01-20,13,17,25,40,45,47,42
649,2714,0,2010-01-23,29,35,36,38,41,43,47
649,2715,0,2010-01-27,14,17,19,21,40,42,26
649,2716,0,2010-01-30,2,31,32,34,40,49,5
649,2717,0,2010-02-03,9,24,29,35,37,40,21
649,2718,0,2010-02-06,4,12,14,15,21,23,13
649,2719,0,2010-02-10,13,24,30,32,37,48,49
649,2720,0,2010-02-13,1,9,23,28,37,39,12
649,2721,0,2010-02-17,14,16,34,41,45,49,5
649,2722,0,2010-02-20,13,15,18,20,23,26,17
649,2723,0,2010-02-24,4,13,18,21,22,42,3
649,2724,0,2010-02-27,4,6,14,23,25,36,27
649,2725,0,2010-03-03,10,19,23,24,33,38,21
649,2726,0,2010-03-06,7,9,14,24,25,44,28
649,2727,0,2010-03-10,8,12,28,30,38,48,2
649,2728,0,2010-03-13,3,13,15,28,41,47,40
649,2729,0,2010-03-17,5,6,21,38,42,45,46
649,2730,0,2010-03-20,9,11,15,34,35,42,47
649,2731,0,2010-03-24,5,19,27,32,44,46,25
649,2732,0,2010-03-27,2,4,9,22,43,44,29
649,2733,0,2010-03-31,27,28,33,37,48,49,5
649,2734,0,2010-04-03,1,2,13,17,24,39,34
649,2735,0,2010-04-07,3,10,13,22,34,43,46
649,2736,0,2010-04-10,7,9,23,25,27,41,15
649,2737,0,2010-04-14,9,12,20,28,33,46,10
649,2738,0,2010-04-17,4,11,12,25,42,43,44
649,2739,0,2010-04-21,12,19,22,36,40,46,17
649,2740,0,2010-04-24,3,10,14,36,38,40,23
649,2741,0,2010-04-28,6,24,27,34,36,42,18
649,2742,0,2010-05-01,4,7,10,22,25,33,49
649,2743,0,2010-05-05,12,13,15,31,47,49,28
649,2744,0,2010-05-08,4,10,21,39,45,48,12
649,2745,0,2010-05-12,8,9,20,26,28,29,38
649,2746,0,2010-05-15,3,5,8,15,33,35,14
649,2747,0,2010-05-19,27,28,35,40,43,48,20
649,2748,0,2010-05-22,7,8,19,23,30,46,4
649,2749,0,2010-05-26,12,13,33,43,46,49,48
649,2750,0,2010-05-29,18,32,40,41,47,49,7
649,2751,0,2010-06-02,15,19,30,31,34,37,7
649,2752,0,2010-06-05,30,31,32,34,36,49,9
649,2753,0,2010-06-09,12,13,25,30,37,41,48
649,2754,0,2010-06-12,3,11,14,20,41,47,9
649,2755,0,2010-06-16,2,5,9,20,25,32,30
649,2756,0,2010-06-19,11,18,27,29,32,39,1
649,2757,0,2010-06-23,16,18,21,36,46,48,47
649,2758,0,2010-06-26,1,10,16,25,36,38,29
649,2759,0,2010-06-30,4,14,24,26,34,43,1
649,2760,0,2010-07-03,9,12,19,29,38,47,18
649,2761,0,2010-07-07,3,8,18,34,44,49,30
649,2762,0,2010-07-10,13,14,16,28,34,42,26
649,2763,0,2010-07-14,4,17,20,31,36,40,37
649,2764,0,2010-07-17,24,26,28,37,43,48,8
649,2765,0,2010-07-21,13,14,15,17,28,36,29
649,2766,0,2010-07-24,3,6,26,32,43,49,29
649,2767,0,2010-07-28,2,15,27,30,34,36,31
649,2768,0,2010-07-31,1,35,38,40,47,48,29
649,2769,0,2010-08-04,5,8,13,22,35,40,9
649,2770,0,2010-08-07,10,14,18,41,42,47,16
649,2771,0,2010-08-11,3,10,12,20,26,27,47
649,2772,0,2010-08-14,9,20,22,23,26,44,5
649,2773,0,2010-08-18,3,7,12,25,28,37,16
649,2774,0,2010-08-21,7,10,15,26,36,41,21
649,2775,0,2010-08-25,5,8,20,26,31,36,15
649,2776,0,2010-08-28,1,4,7,25,30,45,6
649,2777,0,2010-09-01,13,32,35,39,46,48,5
649,2778,0,2010-09-04,11,13,17,18,20,45,41
649,2779,0,2010-09-08,4,6,11,45,46,47,48
649,2780,0,2010-09-11,3,9,11,13,27,45,5
649,2781,0,2010-09-15,6,11,21,26,34,41,24
649,2782,0,2010-09-18,1,14,17,19,40,42,30
649,2783,0,2010-09-22,13,19,29,30,33,49,5
649,2784,0,2010-09-25,7,11,15,30,31,45,23
649,2785,0,2010-09-29,1,7,19,31,35,44,36
649,2786,0,2010-10-02,7,13,18,23,26,27,46
649,2787,0,2010-10-06,10,20,24,32,37,47,49
649,2788,0,2010-10-09,1,8,15,36,38,49,16
649,2789,0,2010-10-13,2,3,23,29,34,36,17
649,2790,0,2010-10-16,20,28,32,36,42,46,21
649,2791,0,2010-10-20,9,10,14,15,19,29,35
649,2792,0,2010-10-23,2,13,21,22,40,44,37
649,2793,0,2010-10-27,2,16,20,23,33,43,6
649,2794,0,2010-10-30,10,15,24,29,35,38,8
649,2795,0,2010-11-03,10,11,16,19,28,40,8
649,2796,0,2010-11-06,2,20,29,33,40,44,25
649,2797,0,2010-11-10,4,5,17,30,36,38,45
649,2798,0,2010-11-13,5,15,27,35,38,47,23
649,2799,0,2010-11-17,3,12,14,16,29,38,23
649,2800,0,2010-11-20,1,10,13,23,41,43,39
649,2801,0,2010-11-24,5,11,26,28,35,46,49
649,2802,0,2010-11-27,4,13,23,24,37,47,45
649,2803,0,2010-12-01,2,11,12,29,40,42,35
649,2804,0,2010-12-04,9,12,16,24,25,38,31
649,2805,0,2010-12-08,1,6,7,8,22,46,17
649,2806,0,2010-12-11,2,7,13,17,27,41,8
649,2807,0,2010-12-15,1,5,8,11,29,33,36
649,2808,0,2010-12-18,5,7,13,33,37,39,44
649,2809,0,2010-12-22,3,5,10,11,35,45,33
649,2810,0,2010-12-25,2,12,23,26,27,31,20
649,2811,0,2010-12-29,6,11,19,21,39,49,28
649,2812,0,2011-01-01,8,15,39,44,45,49,29
649,2813,0,2011-01-05,1,3,8,12,32,47,19
649,2814,0,2011-01-08,5,6,11,16,24,40,10
649,2815,0,2011-01-12,4,9,15,27,28,46,18
649,2816,0,2011-01-15,10,15,35,42,44,47,39
649,2817,0,2011-01-19,7,13,18,21,23,24,48
649,2818,0,2011-01-22,4,5,9,12,33,36,38
649,2819,0,2011-01-26,4,6,22,24,31,40,33
649,2820,0,2011-01-29,3,4,16,35,40,44,32
649,2821,0,2011-02-02,4,11,18,27,28,46,39
649,2822,0,2011-02-05,20,25,32,39,40,44,48
649,2823,0,2011-02-09,17,19,21,33,34,46,47
649,2824,0,2011-02-12,3,15,22,31,43,47,42
649,2825,0,2011-02-16,10,15,29,30,44,45,28
649,2826,0,2011-02-19,10,16,20,26,34,48,40
649,2827,0,2011-02-23,5,6,15,24,35,48,39
649,2828,0,2011-02-26,3,16,17,31,33,46,37
649,2829,0,2011-03-02,27,28,31,41,42,43,46
649,2830,0,2011-03-05,19,21,27,33,36,38,3
649,2831,0,2011-03-09,4,7,18,21,41,46,37
649,2832,0,2011-03-12,6,9,17,23,26,36,42
649,2833,0,2011-03-16,1,3,15,19,36,37,2
649,2834,0,2011-03-19,7,25,28,31,36,45,49
649,2835,0,2011-03-23,5,10,11,21,24,43,32
649,2836,0,2011-03-26,4,6,21,22,42,43,12
649,2837,0,2011-03-30,8,15,17,29,36,44,16
649,2838,0,2011-04-02,16,21,26,28,45,46,49
649,2839,0,2011-04-06,1,3,23,26,35,38,11
649,2840,0,2011-04-09,17,23,24,40,45,48,18
649,2841,0,2011-04-13,3,8,15,20,26,45,12
649,2842,0,2011-04-16,5,7,11,12,33,39,28
649,2843,0,2011-04-20,12,15,33,34,38,43,30
649,2844,0,2011-04-23,1,8,18,27,35,45,47
649,2845,0,2011-04-27,3,8,31,42,44,48,33
649,2846,0,2011-04-30,1,6,7,24,30,48,4
649,2847,0,2011-05-04,8,9,26,39,46,47,38
649,2848,0,2011-05-07,2,23,24,27,36,48,16
649,2849,0,2011-05-11,14,20,30,34,37,45,15
649,2850,0,2011-05-14,12,29,30,36,39,45,20
649,2851,0,2011-05-18,1,39,42,45,48,49,29
649,2852,0,2011-05-21,7,8,17,22,24,30,37
649,2853,0,2011-05-25,5,32,37,38,39,42,22
649,2854,0,2011-05-28,11,13,17,21,43,49,5
649,2855,0,2011-06-01,18,23,27,44,46,47,29
649,2856,0,2011-06-04,19,20,27,29,33,45,41
649,2857,0,2011-06-08,7,10,21,22,38,39,11
649,2858,0,2011-06-11,6,7,8,9,20,28,22
649,2859,0,2011-06-15,2,4,22,25,28,31,17
649,2860,0,2011-06-18,4,9,14,21,34,45,25
649,2861,0,2011-06-22,5,7,16,27,37,49,25
649,2862,0,2011-06-25,4,17,23,31,45,48,29
649,2863,0,2011-06-29,3,15,23,33,39,47,41
649,2864,0,2011-07-02,2,16,30,41,44,48,21
649,2865,0,2011-07-06,14,25,31,36,44,47,37
649,2866,0,2011-07-09,4,7,23,31,33,36,22
649,2867,0,2011-07-13,2,8,28,29,34,44,38
649,2868,0,2011-07-16,2,12,23,35,39,49,44
649,2869,0,2011-07-20,2,21,23,30,34,42,46
649,2870,0,2011-07-23,3,5,11,23,33,34,24
649,2871,0,2011-07-27,2,3,15,23,41,46,10
649,2872,0,2011-07-30,6,7,10,19,21,45,16
649,2873,0,2011-08-03,6,17,21,28,31,38,43
649,2874,0,2011-08-06,9,21,28,31,34,37,2
649,2875,0,2011-08-10,9,18,24,27,29,43,5
649,2876,0,2011-08-13,28,35,42,45,46,49,27
649,2877,0,2011-08-17,7,18,23,24,27,32,26
649,2878,0,2011-08-20,6,11,18,20,21,34,47
649,2879,0,2011-08-24,12,15,18,29,33,46,48
649,2880,0,2011-08-27,11,14,19,20,21,47,45
649,2881,0,2011-08-31,11,16,25,35,38,41,37
649,2882,0,2011-09-03,14,15,25,32,41,42,49
649,2883,0,2011-09-07,10,15,29,32,34,40,6
649,2884,0,2011-09-10,17,18,25,31,42,49,28
649,2885,0,2011-09-14,12,26,28,31,33,45,27
649,2886,0,2011-09-17,15,17,19,23,27,38,7
649,2887,0,2011-09-21,1,23,30,38,45,48,3
649,2888,0,2011-09-24,3,8,15,16,20,46,35
649,2889,0,2011-09-28,2,14,29,32,41,44,3
649,2890,0,2011-10-01,8,15,24,25,30,35,13
649,2891,0,2011-10-05,7,10,13,19,26,29,23
649,2892,0,2011-10-08,7,13,14,16,22,48,32
649,2893,0,2011-10-12,6,7,12,20,38,40,43
649,2894,0,2011-10-15,14,24,27,36,39,42,3
649,2895,0,2011-10-19,9,14,17,20,44,45,33
649,2896,0,2011-10-22,8,18,20,30,32,46,22
649,2897,0,2011-10-26,1,2,38,39,40,49,44
649,2898,0,2011-10-29,5,8,13,16,40,49,20
649,2899,0,2011-11-02,3,22,32,40,45,48,4
649,2900,0,2011-11-05,14,18,22,34,36,43,3
649,2901,0,2011-11-09,12,30,36,37,40,48,32
649,2902,0,2011-11-12,3,4,20,34,39,48,2
649,2903,0,2011-11-16,15,25,28,32,35,42,45
649,2904,0,2011-11-19,3,4,14,18,28,31,47
649,2905,0,2011-11-23,10,13,15,30,34,44,21
649,2906,0,2011-11-26,2,18,23,35,47,48,9
649,2907,0,2011-11-30,12,15,23,36,43,47,40
649,2908,0,2011-12-03,8,24,34,38,41,42,22
649,2909,0,2011-12-07,6,8,24,27,31,41,48
649,2910,0,2011-12-10,3,7,15,35,36,40,13
649,2911,0,2011-12-14,13,20,22,29,32,33,16
649,2912,0,2011-12-17,3,5,24,27,38,46,42
649,2913,0,2011-12-21,12,16,19,34,41,47,20
649,2914,0,2011-12-24,1,18,25,26,36,39,29
649,2915,0,2011-12-28,1,22,28,38,47,48,29
649,2916,0,2011-12-31,2,11,21,28,31,44,36
649,2917,0,2012-01-04,1,8,11,21,24,41,45
649,2918,0,2012-01-07,6,8,11,25,28,45,7
649,2919,0,2012-01-11,9,10,11,18,39,45,23
649,2920,0,2012-01-14,1,3,7,11,38,40,37
649,2921,0,2012-01-18,4,7,10,27,37,49,44
649,2922,0,2012-01-21,9,11,31,34,48,49,41
649,2923,0,2012-01-25,2,12,20,35,41,49,36
649,2924,0,2012-01-28,5,6,17,39,44,48,29
649,2925,0,2012-02-01,2,7,9,18,23,38,14
649,2926,0,2012-02-04,8,10,12,22,26,28,24
649,2927,0,2012-02-08,7,22,23,26,40,48,39
649,2928,0,2012-02-11,6,13,19,32,43,44,9
649,2929,0,2012-02-15,3,19,21,41,43,47,9
649,2930,0,2012-02-18,4,12,14,21,22,37,28
649,2931,0,2012-02-22,1,12,22,35,42,44,40
649,2932,0,2012-02-25,2,22,30,33,35,42,14
649,2933,0,2012-02-29,5,6,8,9,11,40,28
649,2934,0,2012-03-03,9,19,20,31,41,45,42
649,2935,0,2012-03-07,5,7,39,41,45,46,25
649,2936,0,2012-03-10,4,17,25,26,39,49,10
649,2937,0,2012-03-14,6,9,11,12,19,20,47
649,2938,0,2012-03-17,1,2,9,15,17,37,30
649,2939,0,2012-03-21,23,27,32,37,38,45,35
649,2940,0,2012-03-24,11,20,23,28,40,45,14
649,2941,0,2012-03-28,5,10,12,18,25,45,15
649,2942,0,2012-03-31,33,35,36,39,48,49,42
649,2943,0,2012-04-04,18,23,25,26,45,48,16
649,2944,0,2012-04-07,2,13,16,32,39,44,27
649,2945,0,2012-04-11,1,2,16,24,36,49,33
649,2946,0,2012-04-14,14,16,18,20,26,47,13
649,2947,0,2012-04-18,6,10,11,16,32,36,42
649,2948,0,2012-04-21,2,8,10,20,28,38,29
649,2949,0,2012-04-25,15,18,26,33,36,39,35
649,2950,0,2012-04-28,9,21,22,42,44,48,28
649,2951,0,2012-05-02,18,19,33,40,44,47,10
649,2952,0,2012-05-05,5,6,30,32,45,46,41
649,2953,0,2012-05-09,2,6,15,19,24,38,9
649,2954,0,2012-05-12,4,5,10,34,37,45,7
649,2955,0,2012-05-16,2,3,12,15,19,49,5
649,2956,0,2012-05-19,14,17,21,27,37,46,39
649,2957,0,2012-05-23,2,3,7,13,32,40,8
649,2958,0,2012-05-26,23,31,33,38,46,49,17
649,2959,0,2012-05-30,2,21,36,37,45,47,15
649,2960,0,2012-06-02,7,22,27,29,33,39,40
649,2961,0,2012-06-06,8,21,22,26,30,39,7
649,2962,0,2012-06-09,8,18,29,37,38,44,48
649,2963,0,2012-06-13,7,11,15,22,37,44,16
649,2964,0,2012-06-16,1,8,19,26,37,44,16
649,2965,0,2012-06-20,1,6,10,26,31,38,11
649,2966,0,2012-06-23,12,19,28,34,36,41,1
649,2967,0,2012-06-27,4,10,19,24,32,35,1
649,2968,0,2012-06-30,12,22,31,32,35,47,4
649,2969,0,2012-07-04,15,20,22,25,27,41,28
649,2970,0,2012-07-07,3,20,27,29,38,44,45
649,2971,0,2012-07-11,5,8,14,18,43,49,37
649,2972,0,2012-07-14,13,17,22,29,36,45,47
649,2973,0,2012-07-18,1,11,12,17,32,40,14
649,2974,0,2012-07-21,11,21,35,37,46,47,32
649,2975,0,2012-07-25,1,20,27,36,40,42,14
649,2976,0,2012-07-28,6,10,22,30,35,49,17
649,2977,0,2012-08-01,1,14,17,29,36,37,13
649,2978,0,2012-08-04,3,8,23,25,29,47,32
649,2979,0,2012-08-08,6,8,18,20,40,42,36
649,2980,0,2012-08-11,17,20,22,35,38,48,36
649,2981,0,2012-08-15,1,6,12,19,24,31,5
649,2982,0,2012-08-18,7,14,15,23,35,37,36
649,2983,0,2012-08-22,9,13,19,32,41,49,17
649,2984,0,2012-08-25,4,12,17,18,34,44,21
649,2985,0,2012-08-29,3,5,8,14,24,34,38
649,2986,0,2012-09-01,2,5,20,30,39,45,25
649,2987,0,2012-09-05,15,21,23,26,28,48,6
649,2988,0,2012-09-08,1,4,6,24,26,29,12
649,2989,0,2012-09-12,3,29,33,36,39,45,37
649,2990,0,2012-09-15,9,10,12,19,24,31,17
649,2991,0,2012-09-19,7,9,18,22,28,38,26
649,2992,0,2012-09-22,4,19,22,24,32,33,21
649,2993,0,2012-09-26,2,5,9,13,22,38,37
649,2994,0,2012-09-29,2,7,18,20,41,48,29
649,2995,0,2012-10-03,5,15,20,25,28,33,39
649,2996,0,2012-10-06,20,24,27,40,44,45,35
649,2997,0,2012-10-10,8,22,37,40,41,44,4
649,2998,0,2012-10-13,6,14,26,27,34,46,37
649,2999,0,2012-10-17,4,20,22,23,42,44,41
649,3000,0,2012-10-20,13,14,21,24,32,35,18
649,3001,0,2012-10-24,9,10,11,24,34,42,5
649,3002,0,2012-10-27,11,15,16,17,31,40,6
649,3003,0,2012-10-31,4,8,17,23,34,47,30
649,3004,0,2012-11-03,9,22,34,35,46,47,26
649,3005,0,2012-11-07,20,36,42,43,45,48,5
649,3006,0,2012-11-10,6,22,23,41,44,49,48
649,3007,0,2012-11-14,15,20,29,36,38,42,27
649,3008,0,2012-11-17,3,4,20,31,41,48,15
649,3009,0,2012-11-21,10,16,21,31,33,36,27
649,3010,0,2012-11-24,6,32,35,36,40,45,48
649,3011,0,2012-11-28,3,6,13,29,36,38,33
649,3012,0,2012-12-01,7,22,28,32,34,38,20
649,3013,0,2012-12-05,4,26,34,38,41,46,44
649,3014,0,2012-12-08,2,12,22,42,43,46,5
649,3015,0,2012-12-12,6,7,24,27,28,46,44
649,3016,0,2012-12-15,11,22,36,37,43,48,7
649,3017,0,2012-12-19,1,13,16,30,33,48,49
649,3018,0,2012-12-22,8,10,14,16,18,35,43
649,3019,0,2012-12-26,3,5,26,27,37,39,21
649,3020,0,2012-12-29,1,26,33,36,45,48,22
649,3021,0,2013-01-02,10,14,15,39,43,49,9
649,3022,0,2013-01-05,24,29,34,36,41,42,45
649,3023,0,2013-01-09,14,17,33,34,43,44,5
649,3024,0,2013-01-12,6,16,29,30,33,36,15
649,3025,0,2013-01-16,14,21,27,34,37,38,10
649,3026,0,2013-01-19,1,4,6,13,20,44,28
649,3027,0,2013-01-23,2,5,16,25,30,40,19
649,3028,0,2013-01-26,23,27,35,40,43,44,13
649,3029,0,2013-01-30,1,14,21,23,29,46,26
649,3030,0,2013-02-02,4,15,22,27,29,31,47
649,3031,0,2013-02-06,4,18,23,25,39,43,7
649,3032,0,2013-02-09,7,17,30,33,42,49,40
649,3033,0,2013-02-13,17,18,21,25,35,47,16
649,3034,0,2013-02-16,3,5,13,33,34,44,8
649,3035,0,2013-02-20,23,31,41,45,46,49,3
649,3036,0,2013-02-23,4,12,19,21,26,41,40
649,3037,0,2013-02-27,11,15,19,25,34,39,22
649,3038,0,2013-03-02,6,29,31,33,40,43,48
649,3039,0,2013-03-06,1,5,14,27,30,41,3
649,3040,0,2013-03-09,15,18,24,28,29,49,2
649,3041,0,2013-03-13,1,4,11,16,26,46,31
649,3042,0,2013-03-16,4,14,16,25,45,47,27
649,3043,0,2013-03-20,9,14,24,43,45,46,22
649,3044,0,2013-03-23,1,2,7,10,33,38,13
649,3045,0,2013-03-27,2,8,11,26,27,33,17
649,3046,0,2013-03-30,26,30,34,35,38,41,48
649,3047,0,2013-04-03,20,26,27,32,36,46,49
649,3048,0,2013-04-06,11,19,27,28,30,39,21
649,3049,0,2013-04-10,1,9,12,29,30,42,22
649,3050,0,2013-04-13,2,10,17,19,44,47,40
649,3051,0,2013-04-17,18,25,26,41,45,49,23
649,3052,0,2013-04-20,1,10,11,19,21,41,27
649,3053,0,2013-04-24,10,20,30,38,41,44,15
649,3054,0,2013-04-27,9,28,35,36,48,49,6
649,3055,0,2013-05-01,1,2,32,33,38,49,42
649,3056,0,2013-05-04,8,9,13,22,35,36,6
649,3057,0,2013-05-08,12,21,23,24,38,46,36
649,3058,0,2013-05-11,2,10,16,21,24,49,30
649,3059,0,2013-05-15,11,14,21,24,25,43,12
649,3060,0,2013-05-18,5,24,26,28,33,45,31
649,3061,0,2013-05-22,1,20,24,33,37,43,42
649,3062,0,2013-05-25,9,17,32,41,42,44,3
649,3063,0,2013-05-29,21,28,34,35,48,49,18
649,3064,0,2013-06-01,2,7,24,37,38,40,9
649,3065,0,2013-06-05,5,15,19,31,42,47,20
649,3066,0,2013-06-08,8,11,19,42,46,47,27
649,3067,0,2013-06-12,4,8,16,25,33,36,21
649,3068,0,2013-06-15,5,8,13,14,17,30,1
649,3069,0,2013-06-19,8,23,25,28,34,39,47
649,3070,0,2013-06-22,3,4,5,12,23,33,27
649,3071,0,2013-06-26,1,3,23,33,40,48,42
649,3072,0,2013-06-29,4,11,12,14,25,37,36
649,3073,0,2013-07-03,16,17,19,22,40,43,10
649,3074,0,2013-07-06,21,23,24,33,38,44,45
649,3075,0,2013-07-10,7,8,11,19,25,46,17
649,3076,0,2013-07-13,2,11,14,22,41,42,13
649,3077,0,2013-07-17,11,12,16,29,38,43,25
649,3078,0,2013-07-20,3,20,24,26,37,47,35
649,3079,0,2013-07-24,2,5,12,22,44,48,10
649,3080,0,2013-07-27,3,15,17,20,27,43,30
649,3081,0,2013-07-31,5,15,30,42,46,49,35
649,3082,0,2013-08-03,2,3,9,17,29,40,41
649,3083,0,2013-08-07,19,21,29,32,34,47,8
649,3084,0,2013-08-10,8,23,25,32,33,48,28
649,3085,0,2013-08-14,14,20,28,31,44,49,34
649,3086,0,2013-08-17,1,6,13,29,37,39,17
649,3087,0,2013-08-21,4,12,28,31,39,46,42
649,3088,0,2013-08-24,2,8,32,36,47,49,33
649,3089,0,2013-08-28,13,17,19,22,28,46,38
649,3090,0,2013-08-31,5,6,24,29,35,39,44
649,3091,0,2013-09-04,2,7,12,21,25,47,6
649,3092,0,2013-09-07,2,4,15,29,32,40,26
649,3093,0,2013-09-11,13,21,22,26,35,40,15
649,3094,0,2013-09-14,6,26,41,42,47,48,31
649,3095,0,2013-09-18,13,22,23,31,35,45,33
649,3096,0,2013-09-21,7,19,21,29,31,36,42
649,3097,0,2013-09-25,5,19,22,29,31,32,7
649,3098,0,2013-09-28,8,16,18,26,28,37,5
649,3099,0,2013-10-02,2,10,16,36,40,45,11
649,3100,0,2013-10-05,2,12,18,26,35,36,7
649,3101,0,2013-10-09,18,22,24,30,43,48,42
649,3102,0,2013-10-12,7,12,20,22,26,35,13
649,3103,0,2013-10-16,3,10,17,18,19,23,38
649,3104,0,2013-10-19,3,4,6,23,33,44,31
649,3105,0,2013-10-23,6,12,14,20,21,26,33
649,3106,0,2013-10-26,3,5,16,20,27,45,7
649,3107,0,2013-10-30,4,9,24,41,47,48,46
649,3108,0,2013-11-02,9,12,13,26,35,43,2
649,3109,0,2013-11-06,21,26,32,34,36,39,28
649,3110,0,2013-11-09,4,8,30,43,46,48,44
649,3111,0,2013-11-13,3,8,15,17,29,33,10
649,3112,0,2013-11-16,9,12,17,20,21,37,31
649,3113,0,2013-11-20,20,26,35,37,46,48,9
649,3114,0,2013-11-23,3,5,13,16,44,48,2
649,3115,0,2013-11-27,8,9,15,23,40,48,19
649,3116,0,2013-11-30,2,18,22,25,37,39,1
649,3117,0,2013-12-04,10,12,16,23,41,42,19
649,3118,0,2013-12-07,2,8,11,15,24,27,44
649,3119,0,2013-12-11,4,15,28,31,37,44,35
649,3120,0,2013-12-14,13,18,19,20,35,40,14
649,3121,0,2013-12-18,2,4,16,20,25,46,23
649,3122,0,2013-12-21,1,2,10,19,22,44,41
649,3123,0,2013-12-25,4,18,23,32,34,47,44
649,3124,0,2013-12-28,13,20,23,34,38,46,18
649,3125,0,2014-01-01,4,6,7,11,12,40,15
649,3126,0,2014-01-04,1,15,21,22,38,39,19
649,3127,0,2014-01-08,1,12,17,22,29,44,35
649,3128,0,2014-01-11,3,11,15,21,23,33,32
649,3129,0,2014-01-15,2,15,25,27,38,46,33
649,3130,0,2014-01-18,2,15,33,36,42,49,13
649,3131,0,2014-01-22,4,16,18,25,36,40,11
649,3132,0,2014-01-25,6,15,22,23,41,43,37
649,3133,0,2014-01-29,17,29,36,39,46,49,30
649,3134,0,2014-02-01,10,14,18,27,31,48,1
649,3135,0,2014-02-05,3,16,18,21,28,47,5
649,3136,0,2014-02-08,2,5,16,36,41,43,25
649,3137,0,2014-02-12,3,12,16,20,28,31,37
649,3138,0,2014-02-15,1,8,37,39,44,45,21
649,3139,0,2014-02-19,2,7,15,24,37,45,13
649,3140,0,2014-02-22,9,13,19,22,33,34,20
649,3141,0,2014-02-26,24,25,26,30,34,39,3
649,3142,0,2014-03-01,3,8,16,23,34,44,41
649,3143,0,2014-03-05,7,26,31,38,46,47,12
649,3144,0,2014-03-08,11,16,18,33,34,35,28
649,3145,0,2014-03-12,6,12,14,17,30,49,16
649,3146,0,2014-03-15,2,7,11,16,47,48,20
649,3147,0,2014-03-19,13,24,28,34,45,49,21
649,3148,0,2014-03-22,3,6,12,14,25,28,36
649,3149,0,2014-03-26,2,18,35,42,45,47,43
649,3150,0,2014-03-29,15,22,25,26,42,43,9
649,3151,0,2014-04-02,9,11,32,36,38,40,26
649,3152,0,2014-04-05,13,16,17,23,27,37,3
649,3153,0,2014-04-09,8,12,20,27,32,43,17
649,3154,0,2014-04-12,2,7,35,36,42,45,30
649,3155,0,2014-04-16,3,16,26,40,41,49,14
649,3156,0,2014-04-19,6,15,40,41,42,44,4
649,3157,0,2014-04-23,22,25,35,40,45,46,38
649,3158,0,2014-04-26,3,11,12,19,21,29,9
649,3159,0,2014-04-30,3,9,25,32,35,45,23
649,3160,0,2014-05-03,1,7,11,17,27,47,34
649,3161,0,2014-05-07,4,7,12,20,40,49,14
649,3162,0,2014-05-10,16,23,33,36,48,49,37
649,3163,0,2014-05-14,2,25,27,28,31,47,20
649,3164,0,2014-05-17,24,33,35,40,43,49,16
649,3165,0,2014-05-21,23,34,43,44,47,49,45
649,3166,0,2014-05-24,5,9,37,43,46,48,14
649,3167,0,2014-05-28,13,23,28,31,34,38,8
649,3168,0,2014-05-31,19,28,30,32,37,45,44
649,3169,0,2014-06-04,7,11,12,13,35,41,18
649,3170,0,2014-06-07,3,24,28,40,43,48,15
649,3171,0,2014-06-11,4,27,33,38,41,46,14
649,3172,0,2014-06-14,7,15,25,38,44,47,10
649,3173,0,2014-06-18,15,21,22,28,38,45,43
649,3174,0,2014-06-21,13,20,26,27,31,39,12
649,3175,0,2014-06-25,1,10,24,28,39,45,43
649,3176,0,2014-06-28,10,28,32,37,43,46,45
649,3177,0,2014-07-02,13,20,27,28,47,49,15
649,3178,0,2014-07-05,11,19,30,33,38,41,24
649,3179,0,2014-07-09,20,25,28,31,37,41,16
649,3180,0,2014-07-12,2,3,7,14,41,42,40
649,3181,0,2014-07-16,1,20,25,27,37,46,7
649,3182,0,2014-07-19,18,30,38,43,46,47,36
649,3183,0,2014-07-23,20,29,33,35,38,43,1
649,3184,0,2014-07-26,6,16,18,30,37,39,7
649,3185,0,2014-07-30,13,24,25,29,43,45,42
649,3186,0,2014-08-02,4,10,14,19,36,41,48
649,3187,0,2014-08-06,8,10,11,21,24,44,12
649,3188,0,2014-08-09,2,12,30,32,37,40,39
649,3189,0,2014-08-13,8,16,21,39,44,45,11
649,3190,0,2014-08-16,9,18,41,42,48,49,10
649,3191,0,2014-08-20,7,8,10,20,30,31,3
649,3192,0,2014-08-23,10,17,24,28,31,46,15
649,3193,0,2014-08-27,20,21,34,42,44,45,35
649,3194,0,2014-08-30,3,24,25,33,40,48,2
649,3195,0,2014-09-03,5,13,15,22,45,47,27
649,3196,0,2014-09-06,4,6,17,28,35,46,18
649,3197,0,2014-09-10,7,11,13,15,20,44,9
649,3198,0,2014-09-13,2,7,17,31,39,43,40
649,3199,0,2014-09-17,3,8,10,19,31,33,40
649,3200,0,2014-09-20,4,10,20,23,27,45,48
649,3201,0,2014-09-24,15,28,34,40,41,43,5
649,3202,0,2014-09-27,2,18,22,27,44,45,49
649,3203,0,2014-10-01,17,21,27,37,48,49,11
649,3204,0,2014-10-04,8,13,27,35,45,49,9
649,3205,0,2014-10-08,9,12,15,17,42,49,34
649,3206,0,2014-10-11,3,4,6,17,30,34,36
649,3207,0,2014-10-15,4,11,14,25,30,36,32
649,3208,0,2014-10-18,6,30,35,37,41,43,22
649,3209,0,2014-10-22,10,13,24,29,31,32,7
649,3210,0,2014-10-25,10,20,23,31,33,45,38
649,3211,0,2014-10-29,6,25,29,34,39,44,22
649,3212,0,2014-11-01,3,5,26,37,39,45,7
649,3213,0,2014-11-05,23,29,31,38,40,42,44
649,3214,0,2014-11-08,3,9,10,28,34,40,46
649,3215,0,2014-11-12,2,17,20,41,42,44,4
649,3216,0,2014-11-15,1,3,23,35,41,46,18
649,3217,0,2014-11-19,5,7,20,25,36,46,24
649,3218,0,2014-11-22,5,7,20,24,37,49,32
649,3219,0,2014-11-26,5,10,11,12,32,33,39
649,3220,0,2014-11-29,9,20,24,26,43,47,45
649,3221,0,2014-12-03,1,3,4,24,28,36,6
649,3222,0,2014-12-06,15,17,18,19,34,44,10
649,3223,0,2014-12-10,1,2,7,16,27,30,18
649,3224,0,2014-12-13,14,23,25,31,33,38,5
649,3225,0,2014-12-17,2,5,15,20,38,39,35
649,3226,0,2014-12-20,9,17,22,35,38,43,15
649,3227,0,2014-12-24,1,3,21,24,31,46,30
649,3228,0,2014-12-27,7,22,26,27,42,47,28
649,3229,0,2014-12-31,6,7,8,29,35,45,12
649,3230,0,2015-01-03,12,21,28,37,40,43,38
649,3231,0,2015-01-07,10,16,31,36,38,47,22
649,3232,0,2015-01-10,1,11,23,25,27,30,43
649,3233,0,2015-01-14,15,16,17,28,33,44,36
649,3234,0,2015-01-17,9,15,21,27,35,40,5
649,3235,0,2015-01-21,3,15,17,35,44,46,23
649,3236,0,2015-01-24,2,8,9,11,21,39,37
649,3237,0,2015-01-28,3,4,5,8,33,38,14
649,3238,0,2015-01-31,9,13,18,20,24,36,5
649,3239,0,2015-02-04,6,8,10,22,30,43,23
649,3240,0,2015-02-07,14,16,24,41,42,48,34
649,3241,0,2015-02-11,1,13,24,29,43,49,8
649,3242,0,2015-02-14,9,10,15,18,21,37,20
649,3243,0,2015-02-18,3,6,11,15,20,37,31
649,3244,0,2015-02-21,3,4,9,14,23,48,26
649,3245,0,2015-02-25,15,17,25,29,30,35,14
649,3246,0,2015-02-28,5,14,39,42,46,49,17
649,3247,0,2015-03-04,2,10,14,19,28,33,48
649,3248,0,2015-03-07,4,10,15,18,26,41,16
649,3249,0,2015-03-11,7,9,21,40,44,45,42
649,3250,0,2015-03-14,9,19,38,40,45,47,13
649,3251,0,2015-03-18,16,17,37,39,41,45,14
649,3252,0,2015-03-21,8,22,29,32,33,35,2
649,3253,0,2015-03-25,6,14,16,29,38,46,5
649,3254,0,2015-03-28,12,15,21,23,40,48,8
649,3255,0,2015-04-01,4,7,12,16,22,24,41
649,3256,0,2015-04-04,2,9,32,33,35,49,4
649,3257,0,2015-04-08,2,4,14,16,18,19,25
649,3258,0,2015-04-11,5,8,22,23,27,37,11
649,3259,0,2015-04-15,11,13,25,34,41,45,4
649,3260,0,2015-04-18,11,25,33,35,44,49,43
649,3261,0,2015-04-22,4,24,27,35,38,48,44
649,3262,0,2015-04-25,7,13,23,25,40,41,48
649,3263,0,2015-04-29,10,21,34,37,45,49,43
649,3264,0,2015-05-02,2,8,17,23,40,42,25
649,3265,0,2015-05-06,13,16,19,24,27,30,48
649,3266,0,2015-05-09,1,16,21,22,33,43,7
649,3267,0,2015-05-13,3,16,24,40,41,48,20
649,3268,0,2015-05-16,1,12,22,25,35,45,9
649,3269,0,2015-05-20,2,4,12,17,18,47,14
649,3270,0,2015-05-23,8,23,24,31,35,44,49
649,3271,0,2015-05-27,23,27,36,41,43,47,35
649,3272,0,2015-05-30,4,9,17,27,36,49,21
649,3273,0,2015-06-03,26,28,33,35,37,46,47
649,3274,0,2015-06-06,8,12,22,35,38,44,27
649,3275,0,2015-06-10,26,37,40,43,44,45,3
649,3276,0,2015-06-13,5,8,21,31,40,45,19
649,3277,0,2015-06-17,6,7,17,18,20,32,4
649,3278,0,2015-06-20,10,11,30,33,41,44,20
649,3279,0,2015-06-24,9,13,15,18,21,46,25
649,3280,0,2015-06-27,7,15,27,31,35,44,2
649,3281,0,2015-07-01,21,29,32,40,43,44,19
649,3282,0,2015-07-04,20,22,23,24,39,41,26
649,3283,0,2015-07-08,3,8,41,43,46,47,49
649,3284,0,2015-07-11,9,20,25,27,31,32,3
649,3285,0,2015-07-15,11,18,38,40,43,46,26
649,3286,0,2015-07-18,2,12,22,28,41,48,5
649,3287,0,2015-07-22,6,9,13,26,27,46,15
649,3288,0,2015-07-25,16,28,41,43,47,49,21
649,3289,0,2015-07-29,1,8,29,31,35,39,23
649,3290,0,2015-08-01,1,4,7,9,12,37,27
649,3291,0,2015-08-05,8,23,29,34,35,48,36
649,3292,0,2015-08-08,21,26,30,31,32,48,18
649,3293,0,2015-08-12,20,24,27,28,38,48,2
649,3294,0,2015-08-15,5,11,20,26,29,36,49
649,3295,0,2015-08-19,8,12,25,38,45,48,39
649,3296,0,2015-08-22,14,22,31,37,43,49,15
649,3297,0,2015-08-26,5,7,24,45,46,49,44
649,3298,0,2015-08-29,13,30,36,40,42,46,22
649,3299,0,2015-09-02,14,16,23,28,46,48,10
649,3300,0,2015-09-05,10,21,36,37,42,48,43
649,3301,0,2015-09-09,15,16,29,30,42,44,37
649,3302,0,2015-09-12,9,10,26,29,38,42,33
649,3303,0,2015-09-16,1,2,9,12,21,39,44
649,3304,0,2015-09-19,12,15,17,21,25,32,14
649,3305,0,2015-09-23,7,13,19,35,42,44,46
649,3306,0,2015-09-26,6,13,14,24,32,34,12
649,3307,0,2015-09-30,1,6,8,13,21,26,3
649,3308,0,2015-10-03,1,3,15,27,31,36,33
649,3309,0,2015-10-07,4,10,19,31,38,43,5
649,3310,0,2015-10-10,8,12,22,27,35,41,16
649,3311,0,2015-10-14,23,31,32,34,35,44,10
649,3312,0,2015-10-17,4,5,6,22,29,30,20
649,3313,0,2015-10-21,8,17,22,33,40,49,27
649,3314,0,2015-10-24,1,13,28,34,37,45,32
649,3315,0,2015-10-28,8,9,15,26,37,48,12
649,3316,0,2015-10-31,3,14,20,28,40,44,48
649,3317,0,2015-11-04,2,4,20,35,39,42,28
649,3318,0,2015-11-07,2,3,9,17,20,21,11
649,3319,0,2015-11-11,8,13,20,24,37,42,22
649,3320,0,2015-11-14,5,8,23,39,41,48,26
649,3321,0,2015-11-18,3,8,25,27,36,38,32
649,3322,0,2015-11-21,7,16,28,29,48,49,9
649,3323,0,2015-11-25,1,2,3,4,29,48,21
649,3324,0,2015-11-28,4,7,13,15,27,28,30
649,3325,0,2015-12-02,5,20,33,34,38,48,21
649,3326,0,2015-12-05,10,11,17,24,26,29,12
649,3327,0,2015-12-09,4,20,26,37,45,46,6
649,3328,0,2015-12-12,2,10,18,20,30,41,38
649,3329,0,2015-12-16,7,20,33,36,39,48,21
649,3330,0,2015-12-19,4,15,20,23,27,49,25
649,3331,0,2015-12-23,5,9,17,31,38,46,10
649,3332,0,2015-12-26,12,16,22,29,35,40,8
649,3333,0,2015-12-30,17,19,21,30,39,44,16
649,3334,0,2016-01-02,10,12,16,20,27,36,25
649,3335,0,2016-01-06,2,35,37,39,43,44,20
649,3336,0,2016-01-09,5,22,30,33,45,48,29
649,3337,0,2016-01-13,6,8,25,39,46,47,28
649,3338,0,2016-01-16,9,21,29,34,38,42,13
649,3339,0,2016-01-20,7,19,32,39,40,48,45
649,3340,0,2016-01-23,21,31,34,37,38,44,9
649,3341,0,2016-01-27,4,13,24,36,39,41,47
649,3342,0,2016-01-30,4,5,32,37,38,44,34
649,3343,0,2016-02-03,20,23,34,38,43,47,15
649,3344,0,2016-02-06,7,19,25,26,31,44,35
649,3345,0,2016-02-10,8,13,33,34,38,43,12
649,3346,0,2016-02-13,2,9,25,27,31,42,18
649,3347,0,2016-02-17,7,21,28,32,38,42,5
649,3348,0,2016-02-20,4,8,10,30,33,39,25
649,3349,0,2016-02-24,14,18,35,38,41,43,15
649,3350,0,2016-02-27,4,11,20,23,41,45,22
649,3351,0,2016-03-02,20,27,30,32,34,40,9
649,3352,0,2016-03-05,7,13,27,33,35,36,5
649,3353,0,2016-03-09,3,5,11,16,21,45,29
649,3354,0,2016-03-12,6,27,30,34,35,42,16
649,3355,0,2016-03-16,1,3,7,16,17,37,35
649,3356,0,2016-03-19,1,10,11,12,19,27,29
649,3357,0,2016-03-23,4,6,13,28,29,36,9
649,3358,0,2016-03-26,9,11,20,22,37,46,47
649,3359,0,2016-03-30,14,27,28,30,45,46,44
649,3360,0,2016-04-02,2,15,21,40,41,44,23
649,3361,0,2016-04-06,1,3,5,8,13,31,21
649,3362,0,2016-04-09,12,29,34,44,47,49,37
649,3363,0,2016-04-13,10,14,23,41,42,47,19
649,3364,0,2016-04-16,9,12,21,37,38,43,31
649,3365,0,2016-04-20,1,2,7,9,18,27,5
649,3366,0,2016-04-23,14,29,37,41,48,49,31
649,3367,0,2016-04-27,3,18,28,29,37,43,47
649,3368,0,2016-04-30,1,7,18,28,30,34,48
649,3369,0,2016-05-04,4,16,19,22,36,40,21
649,3370,0,2016-05-07,6,8,25,31,32,33,1
649,3371,0,2016-05-11,4,23,25,36,47,48,3
649,3372,0,2016-05-14,8,21,24,33,41,46,29
649,3373,0,2016-05-18,4,11,21,25,44,47,3
649,3374,0,2016-05-21,6,10,37,39,42,48,28
649,3375,0,2016-05-25,4,17,18,24,29,39,21
649,3376,0,2016-05-28,18,29,31,36,43,47,23
649,3377,0,2016-06-01,2,10,14,23,26,31,12
649,3378,0,2016-06-04,3,4,6,10,18,26,14
649,3379,0,2016-06-08,6,23,34,35,38,44,21
649,3380,0,2016-06-11,9,28,36,37,40,46,47
649,3381,0,2016-06-15,7,16,22,27,35,49,11
649,3382,0,2016-06-18,7,8,22,32,40,45,25
649,3383,0,2016-06-22,5,15,17,18,37,42,44
649,3384,0,2016-06-25,4,5,6,8,39,42,30
649,3385,0,2016-06-29,8,11,20,24,41,42,47
649,3386,0,2016-07-02,1,16,28,33,39,45,13
649,3387,0,2016-07-06,7,12,22,35,39,43,13
649,3388,0,2016-07-09,23,28,30,32,42,44,24
649,3389,0,2016-07-13,2,7,25,30,34,36,6
649,3390,0,2016-07-16,15,25,26,33,38,47,27
649,3391,0,2016-07-20,14,15,16,43,44,46,38
649,3392,0,2016-07-23,7,18,34,41,48,49,29
649,3393,0,2016-07-27,6,7,9,39,47,49,15
649,3394,0,2016-07-30,4,5,9,19,22,23,16
649,3395,0,2016-08-03,23,30,38,40,43,45,10
649,3396,0,2016-08-06,2,7,22,26,32,38,20
649,3397,0,2016-08-10,6,25,26,29,37,43,41
649,3398,0,2016-08-13,3,4,15,17,38,47,36
649,3399,0,2016-08-17,2,12,19,38,41,47,46
649,3400,0,2016-08-20,11,20,26,32,39,43,49
649,3401,0,2016-08-24,4,17,22,30,36,38,3
649,3402,0,2016-08-27,3,14,16,33,47,48,29
649,3403,0,2016-08-31,8,10,17,36,39,44,40
649,3404,0,2016-09-03,1,15,17,20,23,43,44
649,3405,0,2016-09-07,4,8,30,31,35,43,42
649,3406,0,2016-09-10,6,13,22,39,40,41,27
649,3407,0,2016-09-14,3,5,17,18,35,46,10
649,3408,0,2016-09-17,14,16,25,39,45,47,26
649,3409,0,2016-09-21,6,21,33,36,39,46,24
649,3410,0,2016-09-24,2,5,17,23,33,47,9
649,3411,0,2016-09-28,8,11,14,19,42,49,24
649,3412,0,2016-10-01,7,18,22,31,38,39,2
649,3413,0,2016-10-05,1,3,31,32,39,49,48
649,3414,0,2016-10-08,3,27,33,38,42,48,32
649,3415,0,2016-10-12,8,28,31,40,42,47,37
649,3416,0,2016-10-15,8,29,30,37,41,44,6
649,3417,0,2016-10-19,4,21,28,33,38,41,23
649,3418,0,2016-10-22,13,24,29,31,33,47,43
649,3419,0,2016-10-26,15,17,24,27,42,47,39
649,3420,0,2016-10-29,21,25,26,29,36,45,38
649,3421,0,2016-11-02,4,7,9,21,25,42,49
649,3422,0,2016-11-05,11,17,26,27,37,48,31
649,3423,0,2016-11-09,6,9,30,37,43,49,18
649,3424,0,2016-11-12,2,4,6,22,25,42,44
649,3425,0,2016-11-16,3,5,6,9,33,47,19
649,3426,0,2016-11-19,9,11,21,26,28,45,49
649,3427,0,2016-11-23,6,12,13,21,31,42,22
649,3428,0,2016-11-26,13,14,31,39,42,45,44
649,3429,0,2016-11-30,15,16,20,24,26,31,37
649,3430,0,2016-12-03,3,4,7,19,30,48,21
649,3431,0,2016-12-07,6,7,12,32,34,46,33
649,3432,0,2016-12-10,3,37,40,41,47,49,6
649,3433,0,2016-12-14,20,22,40,41,42,47,15
649,3434,0,2016-12-17,9,16,26,27,32,34,37
649,3435,0,2016-12-21,16,27,30,38,47,49,8
649,3436,0,2016-12-24,15,20,23,27,39,48,34
649,3437,0,2016-12-28,1,5,10,15,40,41,27
649,3438,0,2016-12-31,3,5,14,18,26,28,40
649,3439,0,2017-01-04,2,11,13,23,35,48,30
649,3440,0,2017-01-07,1,10,18,19,23,27,48
649,3441,0,2017-01-11,24,34,36,38,42,43,30
649,3442,0,2017-01-14,1,6,19,30,32,44,33
649,3443,0,2017-01-18,10,17,20,24,33,35,28
649,3444,0,2017-01-21,8,22,23,36,40,42,5
649,3445,0,2017-01-25,2,14,19,28,42,44,34
649,3446,0,2017-01-28,9,10,23,28,41,47,17
649,3447,0,2017-02-01,5,9,11,36,42,43,41
649,3448,0,2017-02-04,2,8,9,13,41,44,27
649,3449,0,2017-02-08,3,4,8,12,13,46,26
649,3450,0,2017-02-11,10,11,21,28,38,44,17
649,3451,0,2017-02-15,1,16,17,24,41,46,22
649,3452,0,2017-02-18,11,13,14,20,43,49,25
649,3453,0,2017-02-22,9,21,25,26,31,41,11
649,3454,0,2017-02-25,21,23,31,33,38,42,22
649,3455,0,2017-03-01,6,14,17,18,31,43,38
649,3456,0,2017-03-04,5,16,24,31,38,47,42
649,3457,0,2017-03-08,10,17,24,28,35,36,40
649,3458,0,2017-03-11,6,10,11,23,42,47,44
649,3459,0,2017-03-15,16,17,21,34,37,46,3
649,3460,0,2017-03-18,6,16,29,33,41,48,23
649,3461,0,2017-03-22,2,3,5,27,40,46,28
649,3462,0,2017-03-25,5,9,14,24,30,35,21
649,3463,0,2017-03-29,3,12,16,17,22,30,48
649,3464,0,2017-04-01,27,40,41,42,45,46,20
649,3465,0,2017-04-05,3,10,19,30,44,48,40
649,3466,0,2017-04-08,4,9,10,15,38,39,49
649,3467,0,2017-04-12,7,19,37,38,41,42,11
649,3468,0,2017-04-15,11,19,22,23,41,46,5
649,3469,0,2017-04-19,4,11,21,24,44,49,41
649,3470,0,2017-04-22,4,7,15,16,43,48,26
649,3471,0,2017-04-26,9,10,11,13,45,49,24
649,3472,0,2017-04-29,10,23,26,40,45,46,12
649,3473,0,2017-05-03,1,5,7,16,28,46,30
649,3474,0,2017-05-06,6,7,9,11,34,38,8
649,3475,0,2017-05-10,6,7,8,21,27,38,23
649,3476,0,2017-05-13,18,19,22,26,30,47,43
649,3477,0,2017-05-17,9,17,36,38,41,45,39
649,3478,0,2017-05-20,5,8,10,20,33,34,45
649,3479,0,2017-05-24,3,5,9,22,37,46,10
649,3480,0,2017-05-27,7,15,25,26,27,36,12
649,3481,0,2017-05-31,1,3,8,9,12,40,2
649,3482,0,2017-06-03,7,12,32,36,40,44,45
649,3483,0,2017-06-07,16,19,23,30,33,40,46
649,3484,0,2017-06-10,3,4,21,31,33,48,26
649,3485,0,2017-06-14,17,24,26,27,35,49,33
649,3486,0,2017-06-17,5,6,18,21,36,44,32
649,3487,0,2017-06-21,2,12,34,39,41,45,21
649,3488,0,2017-06-24,3,11,16,40,43,46,36
649,3489,0,2017-06-28,8,21,25,34,46,48,4
649,3490,0,2017-07-01,15,16,22,33,37,41,27
649,3491,0,2017-07-05,4,9,33,36,47,49,10
649,3492,0,2017-07-08,20,25,26,32,34,36,9
649,3493,0,2017-07-12,12,13,30,41,45,49,16
649,3494,0,2017-07-15,10,12,27,29,34,48,39
649,3495,0,2017-07-19,2,5,10,11,27,39,48
649,3496,0,2017-07-22,5,8,17,32,38,45,18
649,3497,0,2017-07-26,1,2,18,26,36,44,49
649,3498,0,2017-07-29,12,15,17,31,47,49,26
649,3499,0,2017-08-02,13,16,24,25,38,43,48
649,3500,0,2017-08-05,18,21,36,41,45,47,17
649,3501,0,2017-08-09,16,23,28,38,41,43,19
649,3502,0,2017-08-12,5,8,13,25,33,45,38
649,3503,0,2017-08-16,25,29,30,31,33,47,34
649,3504,0,2017-08-19,2,13,27,45,48,49,19
649,3505,0,2017-08-23,9,15,24,33,40,46,38
649,3506,0,2017-08-26,5,7,32,38,40,46,47
649,3507,0,2017-08-30,21,23,31,33,36,38,9
649,3508,0,2017-09-02,9,19,26,27,42,46,21
649,3509,0,2017-09-06,9,15,18,21,24,28,14
649,3510,0,2017-09-09,5,9,18,29,39,47,35
649,3511,0,2017-09-13,18,22,24,28,29,33,7
649,3512,0,2017-09-16,9,17,19,26,37,47,13
649,3513,0,2017-09-20,6,17,29,37,45,47,39
649,3514,0,2017-09-23,4,11,15,20,35,47,25
649,3515,0,2017-09-27,2,16,19,20,23,34,9
649,3516,0,2017-09-30,6,27,33,38,40,47,16
649,3517,0,2017-10-04,4,6,10,11,20,35,43
649,3518,0,2017-10-07,8,22,28,40,46,49,9
649,3519,0,2017-10-11,18,24,32,36,37,44,9
649,3520,0,2017-10-14,16,22,28,29,32,34,43
649,3521,0,2017-10-18,11,25,33,35,40,42,15
649,3522,0,2017-10-21,3,24,26,30,34,49,47
649,3523,0,2017-10-25,6,31,37,40,41,42,44
649,3524,0,2017-10-28,8,15,25,30,31,32,1
649,3525,0,2017-11-01,1,23,29,32,45,49,16
649,3526,0,2017-11-04,1,3,6,21,22,33,19
649,3527,0,2017-11-08,22,24,25,32,39,42,45
649,3528,0,2017-11-11,15,21,24,31,37,42,32
649,3529,0,2017-11-15,18,25,29,30,36,48,47
649,3530,0,2017-11-18,9,16,18,22,23,40,13
649,3531,0,2017-11-22,26,28,31,36,38,45,18
649,3532,0,2017-11-25,16,17,21,31,39,49,29
649,3533,0,2017-11-29,11,18,27,33,37,43,20
649,3534,0,2017-12-02,10,12,29,33,47,48,24
649,3535,0,2017-12-06,6,9,16,19,21,28,35
649,3536,0,2017-12-09,8,10,11,14,19,33,30
649,3537,0,2017-12-13,12,29,30,40,45,48,27
649,3538,0,2017-12-16,2,13,24,26,31,41,40
649,3539,0,2017-12-20,3,4,28,30,34,41,31
649,3540,0,2017-12-23,8,11,22,29,39,40,30
649,3541,0,2017-12-27,4,7,10,14,27,31,1
649,3542,0,2017-12-30,8,12,23,25,45,47,43
649,3543,0,2018-01-03,3,13,20,35,37,39,14
649,3544,0,2018-01-06,12,25,36,39,42,45,29
649,3545,0,2018-01-10,9,10,19,23,28,49,15
649,3546,0,2018-01-13,21,26,32,40,42,44,12
649,3547,0,2018-01-17,6,24,34,39,43,44,8
649,3548,0,2018-01-20,6,10,14,27,30,40,5
649,3549,0,2018-01-24,9,20,21,28,34,35,33
649,3550,0,2018-01-27,7,8,13,24,28,35,26
649,3551,0,2018-01-31,1,7,27,31,34,39,3
649,3552,0,2018-02-03,10,13,16,23,36,44,42
649,3553,0,2018-02-07,3,8,11,18,28,45,6
649,3554,0,2018-02-10,18,20,21,22,30,33,26
649,3555,0,2018-02-14,8,15,17,22,30,43,13
649,3556,0,2018-02-17,18,29,31,36,47,48,17
649,3557,0,2018-02-21,10,11,24,25,30,49,47
649,3558,0,2018-02-24,3,13,19,26,33,44,5
649,3559,0,2018-02-28,3,14,36,38,40,48,23
649,3560,0,2018-03-03,12,17,25,30,32,39,47
649,3561,0,2018-03-07,6,30,33,38,45,46,40
649,3562,0,2018-03-10,2,10,28,43,44,48,39
649,3563,0,2018-03-14,1,9,10,19,33,43,21
649,3564,0,2018-03-17,16,17,35,43,44,46,49
649,3565,0,2018-03-21,1,5,9,12,39,41,28
649,3566,0,2018-03-24,9,11,28,30,45,49,5
649,3567,0,2018-03-28,11,12,19,24,28,46,39
649,3568,0,2018-03-31,3,7,22,26,43,47,48
649,3569,0,2018-04-04,6,8,9,13,34,40,4
649,3570,0,2018-04-07,18,22,36,40,47,49,32
649,3571,0,2018-04-11,3,7,10,32,41,43,33
649,3572,0,2018-04-14,1,11,19,36,48,49,9
649,3573,0,2018-04-18,12,17,19,22,27,39,38
649,3574,0,2018-04-21,12,19,20,30,41,49,9
649,3575,0,2018-04-25,10,14,15,16,40,46,6
649,3576,0,2018-04-28,24,31,33,34,44,46,10
649,3577,0,2018-05-02,4,7,28,36,37,49,21
649,3578,0,2018-05-05,4,18,24,26,33,48,34
649,3579,0,2018-05-09,15,17,21,24,36,37,32
649,3580,0,2018-05-12,6,17,21,34,37,44,13
649,3581,0,2018-05-16,19,21,28,30,39,46,7
649,3582,0,2018-05-19,14,15,28,34,38,44,30
649,3583,0,2018-05-23,4,9,15,20,42,44,31
649,3584,0,2018-05-26,12,13,16,23,39,44,2
649,3585,0,2018-05-30,9,14,17,21,38,39,22
649,3586,0,2018-06-02,2,26,32,40,45,49,29
649,3587,0,2018-06-06,10,15,23,38,40,41,35
649,3588,0,2018-06-09,19,25,31,36,46,47,26
649,3589,0,2018-06-13,6,22,24,31,32,34,16
649,3590,0,2018-06-16,2,15,21,31,38,49,8
649,3591,0,2018-06-20,14,24,31,35,37,48,17
649,3592,0,2018-06-23,8,11,31,36,41,45,40
649,3593,0,2018-06-27,4,6,10,13,14,28,47
649,3594,0,2018-06-30,2,3,7,11,16,20,17
649,3595,0,2018-07-04,6,25,37,44,47,49,26
649,3596,0,2018-07-07,1,3,25,40,44,47,2
649,3597,0,2018-07-11,1,9,11,38,45,48,25
649,3598,0,2018-07-14,8,10,12,17,22,37,29
649,3599,0,2018-07-18,3,14,16,19,44,48,1
649,3600,0,2018-07-21,2,9,22,26,27,30,41
649,3601,0,2018-07-25,2,7,15,31,33,42,20
649,3602,0,2018-07-28,5,11,17,20,28,45,7
649,3603,0,2018-08-01,13,19,22,29,36,42,35
649,3604,0,2018-08-04,3,9,11,21,24,45,43
649,3605,0,2018-08-08,9,18,21,22,29,37,17
649,3606,0,2018-08-11,2,9,16,27,38,41,34
649,3607,0,2018-08-15,2,17,25,27,37,42,29
649,3608,0,2018-08-18,6,8,9,11,18,48,13
649,3609,0,2018-08-22,3,4,19,30,37,40,10
649,3610,0,2018-08-25,3,6,12,24,43,49,46
649,3611,0,2018-08-29,7,8,14,23,35,40,39
649,3612,0,2018-09-01,8,12,15,34,37,44,45
649,3613,0,2018-09-05,4,6,15,32,36,47,48
649,3614,0,2018-09-08,8,10,31,41,46,47,45
649,3615,0,2018-09-12,14,21,27,32,35,43,41
649,3616,0,2018-09-15,3,4,18,24,32,36,19
649,3617,0,2018-09-19,3,9,15,17,23,45,18
649,3618,0,2018-09-22,19,34,36,39,40,49,2
649,3619,0,2018-09-26,5,7,9,35,42,45,31
649,3620,0,2018-09-29,1,6,7,10,31,49,39
649,3621,0,2018-10-03,15,32,38,40,44,45,2
649,3622,0,2018-10-06,20,23,24,33,37,48,22
649,3623,0,2018-10-10,3,15,16,20,22,23,24
649,3624,0,2018-10-13,25,27,31,41,44,45,16
649,3625,0,2018-10-17,10,32,37,45,46,47,6
649,3626,0,2018-10-20,4,12,16,25,30,31,8
649,3627,0,2018-10-24,4,11,19,23,24,34,20
649,3628,0,2018-10-27,10,18,21,29,35,37,24
649,3629,0,2018-10-31,4,9,11,15,25,27,5
649,3630,0,2018-11-03,7,8,24,32,42,48,45
649,3631,0,2018-11-07,2,10,13,16,31,43,8
649,3632,0,2018-11-10,6,9,16,20,31,41,49
649,3633,0,2018-11-14,5,10,20,23,35,42,44
649,3634,0,2018-11-17,5,17,18,34,44,45,27
649,3635,0,2018-11-21,2,10,13,25,40,42,38
649,3636,0,2018-11-24,9,10,23,37,45,49,18
649,3637,0,2018-11-28,3,17,21,29,47,49,7
649,3638,0,2018-12-01,10,14,16,27,33,47,30
649,3639,0,2018-12-05,11,13,18,23,26,46,12
649,3640,0,2018-12-08,4,13,25,33,41,49,1
649,3641,0,2018-12-12,10,13,23,27,31,42,17
649,3642,0,2018-12-15,11,12,22,36,46,47,7
649,3643,0,2018-12-19,1,9,31,32,34,45,5
649,3644,0,2018-12-22,11,16,17,22,25,33,40
649,3645,0,2018-12-26,2,14,27,36,38,48,40
649,3646,0,2018-12-29,11,16,17,22,29,47,32
649,3647,0,2019-01-02,13,18,19,36,37,43,49
649,3648,0,2019-01-05,4,10,38,40,45,48,43
649,3649,0,2019-01-09,1,10,27,38,44,47,41
649,3650,0,2019-01-12,10,13,21,30,46,48,23
649,3651,0,2019-01-16,4,10,11,34,46,48,23
649,3652,0,2019-01-19,2,13,32,39,44,49,10
649,3653,0,2019-01-23,3,19,20,26,31,38,6
649,3654,0,2019-01-26,3,7,10,12,14,25,36
649,3655,0,2019-01-30,3,7,27,37,43,48,45
649,3656,0,2019-02-02,14,16,25,29,30,48,12
649,3657,0,2019-02-06,1,16,27,28,36,39,9
649,3658,0,2019-02-09,1,24,35,41,42,49,18
649,3659,0,2019-02-13,5,19,24,29,36,41,9
649,3660,0,2019-02-16,3,9,10,20,21,35,31
649,3661,0,2019-02-20,21,22,23,30,33,43,42
649,3662,0,2019-02-23,5,6,10,43,46,47,27
649,3663,0,2019-02-27,4,13,22,25,29,39,6
649,3664,0,2019-03-02,4,14,21,29,41,49,35
649,3665,0,2019-03-06,1,3,18,19,22,37,30
649,3666,0,2019-03-09,22,23,26,34,42,46,3
649,3667,0,2019-03-13,4,13,18,21,26,31,33
649,3668,0,2019-03-16,9,12,15,20,25,45,16
649,3669,0,2019-03-20,2,8,17,21,22,26,5
649,3670,0,2019-03-23,3,6,20,22,23,24,19
649,3671,0,2019-03-27,16,19,22,28,34,48,49
649,3672,0,2019-03-30,7,14,18,26,31,32,3
649,3673,0,2019-04-03,12,17,29,35,40,47,23
649,3674,0,2019-04-06,6,19,30,37,38,49,34
649,3675,0,2019-04-10,10,16,23,38,39,48,33
649,3676,0,2019-04-13,4,5,15,23,38,45,12
649,3677,0,2019-04-17,10,11,20,26,38,43,3
649,3678,0,2019-04-20,11,15,32,34,44,47,3
649,3679,0,2019-04-24,6,10,16,17,41,43,18
649,3680,0,2019-04-27,5,6,11,16,19,27,24
649,3681,0,2019-05-01,23,27,28,34,38,43,48
649,3682,0,2019-05-04,3,4,12,21,41,49,5
649,3683,0,2019-05-08,18,19,22,30,41,48,47
649,3684,0,2019-05-11,3,12,26,27,34,46,29
649,3685,0,2019-05-15,5,6,32,40,42,47,17
649,3686,0,2019-05-18,7,8,13,27,28,34,2
649,3687,0,2019-05-22,13,19,22,25,32,35,48
649,3688,0,2019-05-25,12,19,22,25,45,49,28
649,3689,0,2019-05-29,4,5,15,38,41,42,36
649,3690,0,2019-06-01,16,29,34,35,47,49,10
649,3691,0,2019-06-05,6,21,35,46,48,49,14
649,3692,0,2019-06-08,9,12,15,20,24,43,36
649,3693,0,2019-06-12,22,23,31,38,47,48,10
649,3694,0,2019-06-15,10,19,24,30,35,49,32
649,3695,0,2019-06-19,21,31,41,45,46,47,39
649,3696,0,2019-06-22,15,16,34,35,38,44,43
649,3697,0,2019-06-26,4,10,17,24,26,33,2
649,3698,0,2019-06-29,2,5,19,21,29,46,15
649,3699,0,2019-07-03,13,21,26,30,38,39,19
649,3700,0,2019-07-06,10,28,38,39,40,43,45
649,3701,0,2019-07-10,7,15,22,28,43,49,45
649,3702,0,2019-07-13,5,11,12,33,37,45,2
649,3703,0,2019-07-17,21,24,33,36,41,42,3
649,3704,0,2019-07-20,4,21,30,41,44,46,5
649,3705,0,2019-07-24,2,8,10,18,37,48,29
649,3706,0,2019-07-27,1,3,5,34,38,43,49
649,3707,0,2019-07-31,2,11,19,35,39,48,17
649,3708,0,2019-08-03,4,14,17,22,26,46,47
649,3709,0,2019-08-07,5,8,9,19,28,31,18
649,3710,0,2019-08-10,2,3,20,33,48,49,32
649,3711,0,2019-08-14,9,14,18,31,32,41,38
649,3712,0,2019-08-17,4,31,34,39,41,48,43
649,3713,0,2019-08-21,2,17,24,25,40,43,16
649,3714,0,2019-08-24,3,7,8,14,20,24,31
649,3715,0,2019-08-28,1,10,18,39,43,47,26
649,3716,0,2019-08-31,2,21,22,24,48,49,23
649,3717,0,2019-09-04,1,4,5,17,21,29,46
649,3718,0,2019-09-07,25,28,37,38,42,48,34
649,3719,0,2019-09-11,2,4,27,36,45,49,41
649,3720,0,2019-09-14,6,13,28,29,35,43,25
649,3721,0,2019-09-18,3,10,15,23,45,47,9
649,3722,0,2019-09-21,1,2,4,32,38,39,21
649,3723,0,2019-09-25,16,25,28,29,39,47,17
649,3724,0,2019-09-28,1,4,5,7,21,40,41
649,3725,0,2019-10-02,20,28,29,41,45,46,27
649,3726,0,2019-10-05,14,15,35,38,42,46,12
649,3727,0,2019-10-09,5,14,18,33,40,44,16
649,3728,0,2019-10-12,13,16,25,32,33,41,2
649,3729,0,2019-10-16,2,4,9,24,44,45,18
649,3730,0,2019-10-19,2,16,28,47,48,49,35
649,3731,0,2019-10-23,11,13,24,28,40,46,44
649,3732,0,2019-10-26,4,12,15,26,43,44,2
649,3733,0,2019-10-30,23,30,33,34,41,45,31
649,3734,0,2019-11-02,8,16,19,20,39,43,28
649,3735,0,2019-11-06,6,8,13,14,35,40,26
649,3736,0,2019-11-09,12,31,36,37,46,49,43
649,3737,0,2019-11-13,1,19,31,44,46,49,3
649,3738,0,2019-11-16,2,3,4,11,27,47,17
649,3739,0,2019-11-20,4,20,29,30,36,45,22
649,3740,0,2019-11-23,16,19,24,29,31,36,8
649,3741,0,2019-11-27,13,15,16,20,39,42,27
649,3742,0,2019-11-30,1,8,18,24,30,45,13
649,3743,0,2019-12-04,2,3,4,10,21,43,19
649,3744,0,2019-12-07,18,32,36,37,38,45,13
649,3745,0,2019-12-11,7,17,21,34,47,48,27
649,3746,0,2019-12-14,9,12,17,23,41,44,3
649,3747,0,2019-12-18,18,22,25,36,38,44,8
649,3748,0,2019-12-21,16,18,19,45,47,48,21
649,3749,0,2019-12-25,17,24,28,33,36,45,48
649,3750,0,2019-12-28,2,4,12,18,29,41,30
649,3751,0,2020-01-01,11,23,30,35,39,43,34
649,3752,0,2020-01-04,23,24,36,42,45,46,21
649,3753,0,2020-01-08,2,5,19,44,48,49,24
649,3754,0,2020-01-11,2,3,7,18,24,26,6
649,3755,0,2020-01-15,1,17,23,25,26,34,24
649,3756,0,2020-01-18,2,5,10,18,26,30,36
649,3757,0,2020-01-22,2,10,27,30,39,43,21
649,3758,0,2020-01-25,8,20,21,30,32,48,31
649,3759,0,2020-01-29,3,14,16,23,41,43,29
649,3760,0,2020-02-01,13,21,35,40,45,48,47
649,3761,0,2020-02-05,1,3,6,24,29,45,48
649,3762,0,2020-02-08,8,28,30,39,41,43,45
649,3763,0,2020-02-12,16,20,24,33,36,47,4
649,3764,0,2020-02-15,7,8,11,23,27,30,3
649,3765,0,2020-02-19,5,6,13,23,44,49,40
649,3766,0,2020-02-22,2,7,26,33,46,48,25
649,3767,0,2020-02-26,8,25,34,35,36,38,5
649,3768,0,2020-02-29,6,12,15,18,31,46,13
649,3769,0,2020-03-04,6,8,15,24,38,41,31
649,3770,0,2020-03-07,5,8,13,27,34,46,39
649,3771,0,2020-03-11,5,24,32,37,43,44,23
649,3772,0,2020-03-14,1,2,23,27,31,32,43
649,3773,0,2020-03-18,7,8,9,12,14,36,28
649,3774,0,2020-03-21,6,11,22,36,37,45,10
649,3775,0,2020-03-25,3,19,31,38,45,47,48
649,3776,0,2020-03-28,2,7,21,30,33,46,27
649,3777,0,2020-04-01,4,6,10,13,25,49,41
649,3778,0,2020-04-04,19,29,34,35,44,45,10
649,3779,0,2020-04-08,9,13,21,23,30,32,15
649,3780,0,2020-04-11,10,14,17,32,35,42,26
649,3781,0,2020-04-15,1,3,7,13,22,47,30
649,3782,0,2020-04-18,1,10,23,32,46,48,36
649,3783,0,2020-04-22,9,10,11,14,15,28,36
649,3784,0,2020-04-25,6,10,11,22,32,48,17
649,3785,0,2020-04-29,6,17,21,30,40,41,27
649,3786,0,2020-05-02,15,18,26,34,43,45,42
649,3787,0,2020-05-06,6,29,34,36,45,49,3
649,3788,0,2020-05-09,13,14,15,35,45,47,9
649,3789,0,2020-05-13,3,10,21,35,38,48,28
649,3790,0,2020-05-16,1,6,7,14,26,48,49
649,3791,0,2020-05-20,8,23,25,34,37,47,4
649,3792,0,2020-05-23,4,25,27,28,35,44,9
649,3793,0,2020-05-27,7,17,18,22,28,34,1
649,3794,0,2020-05-30,11,17,27,28,30,43,35
649,3795,0,2020-06-03,2,15,20,22,29,39,13
649,3796,0,2020-06-06,6,22,38,45,48,49,2
649,3797,0,2020-06-10,3,13,25,33,34,45,14
649,3798,0,2020-06-13,3,31,34,38,45,48,12
649,3799,0,2020-06-17,5,10,18,29,32,48,6
649,3800,0,2020-06-20,14,22,29,36,48,49,19
649,3801,0,2020-06-24,6,16,23,39,47,48,33
649,3802,0,2020-06-27,1,13,14,24,36,44,7
649,3803,0,2020-07-01,1,12,27,30,34,49,35
649,3804,0,2020-07-04,15,20,27,34,38,42,47
649,3805,0,2020-07-08,11,26,28,35,37,47,8
649,3806,0,2020-07-11,16,22,31,36,43,44,46
649,3807,0,2020-07-15,5,7,17,22,43,44,14
649,3808,0,2020-07-18,5,23,37,40,44,45,47
649,3809,0,2020-07-22,5,14,19,42,46,47,8
649,3810,0,2020-07-25,6,21,34,44,45,48,33
649,3811,0,2020-07-29,1,11,17,19,22,45,14
649,3812,0,2020-08-01,12,13,17,22,39,40,25
649,3813,0,2020-08-05,3,14,23,30,38,43,24
649,3814,0,2020-08-08,1,20,21,23,40,46,28
649,3815,0,2020-08-12,16,24,27,43,48,49,39
649,3816,0,2020-08-15,6,7,11,18,22,43,9
649,3817,0,2020-08-19,2,17,32,37,39,42,9
649,3818,0,2020-08-22,19,25,34,36,40,43,32
649,3819,0,2020-08-26,6,8,20,23,35,39,11
649,3820,0,2020-08-29,3,13,21,24,29,40,35
649,3821,0,2020-09-02,1,5,15,23,25,31,40
649,3822,0,2020-09-05,1,8,10,33,34,38,4
649,3823,0,2020-09-09,3,5,9,19,29,37,42
649,3824,0,2020-09-12,5,13,19,37,42,45,40
649,3825,0,2020-09-16,6,12,23,29,44,46,39
649,3826,0,2020-09-19,5,15,31,35,42,46,17
649,3827,0,2020-09-23,11,17,28,29,36,39,15
649,3828,0,2020-09-26,8,27,29,33,40,49,2
649,3829,0,2020-09-30,13,16,20,21,27,48,15
649,3830,0,2020-10-03,12,22,24,37,39,43,16
649,3831,0,2020-10-07,4,5,12,13,18,19,34
649,3832,0,2020-10-10,6,23,24,29,36,38,25
649,3833,0,2020-10-14,10,18,20,38,39,44,40
649,3834,0,2020-10-17,7,8,9,24,25,34,14
649,3835,0,2020-10-21,26,28,32,37,40,47,10
649,3836,0,2020-10-24,4,9,17,20,26,31,34
649,3837,0,2020-10-28,2,3,16,25,34,46,49
649,3838,0,2020-10-31,5,8,18,22,41,48,23
649,3839,0,2020-11-04,2,9,13,18,40,46,34
649,3840,0,2020-11-07,1,16,19,24,26,47,29
649,3841,0,2020-11-11,6,14,18,23,31,47,44
649,3842,0,2020-11-14,1,2,13,30,35,38,45
649,3843,0,2020-11-18,7,14,21,28,30,32,22
649,3844,0,2020-11-21,16,19,21,34,37,47,25
649,3845,0,2020-11-25,13,14,31,33,37,46,40
649,3846,0,2020-11-28,3,4,16,23,26,44,18
649,3847,0,2020-12-02,22,24,28,41,47,49,21
649,3848,0,2020-12-05,3,10,13,21,27,45,23
649,3849,0,2020-12-09,10,11,14,19,27,39,40
649,3850,0,2020-12-12,27,28,29,36,46,48,49
649,3851,0,2020-12-16,10,12,20,25,31,34,42
649,3852,0,2020-12-19,1,8,10,11,17,35,41
649,3853,0,2020-12-23,7,15,24,31,33,34,3
649,3854,0,2020-12-26,21,26,28,33,34,42,43
649,3855,0,2020-12-30,7,14,30,32,38,45,6
649,3856,0,2021-01-02,16,17,20,42,47,49,40
649,3857,0,2021-01-06,15,23,30,31,32,42,48
649,3858,0,2021-01-09,4,8,18,24,31,32,40
649,3859,0,2021-01-13,20,27,28,37,38,39,9
649,3860,0,2021-01-16,9,10,21,28,35,43,34
649,3861,0,2021-01-20,2,5,18,23,29,47,45
649,3862,0,2021-01-23,5,17,21,29,41,43,46
649,3863,0,2021-01-27,12,17,23,36,44,49,32
649,3864,0,2021-01-30,3,23,26,35,42,44,32
649,3865,0,2021-02-03,20,21,26,30,35,41,47
649,3866,0,2021-02-06,6,11,12,26,28,38,47
649,3867,0,2021-02-10,4,14,22,26,45,48,20
649,3868,0,2021-02-13,16,17,27,40,41,45,38
649,3869,0,2021-02-17,7,16,18,43,45,48,14
649,3870,0,2021-02-20,2,14,15,21,29,46,7
649,3871,0,2021-02-24,11,36,37,38,39,45,10
649,3872,0,2021-02-27,11,15,16,20,46,49,17
649,3873,0,2021-03-03,3,11,33,34,36,43,42
649,3874,0,2021-03-06,2,14,18,21,26,48,19
649,3875,0,2021-03-10,30,31,35,36,43,48,28
649,3876,0,2021-03-13,15,24,27,29,42,49,18
649,3877,0,2021-03-17,4,9,13,25,44,49,3
649,3878,0,2021-03-20,9,16,25,36,39,43,49
649,3879,0,2021-03-24,3,4,27,43,45,48,44
649,3880,0,2021-03-27,15,16,17,30,36,40,34
649,3881,0,2021-03-31,3,7,8,12,37,40,41
649,3882,0,2021-04-03,12,13,19,35,42,47,28
649,3883,0,2021-04-07,23,31,34,38,39,41,12
649,3884,0,2021-04-10,5,16,19,24,28,34,4
649,3885,0,2021-04-14,4,6,12,23,36,47,18
649,3886,0,2021-04-17,7,13,32,38,39,48,23
649,3887,0,2021-04-21,15,18,23,32,38,47,19
649,3888,0,2021-04-24,14,18,27,33,34,39,49
649,3889,0,2021-04-28,6,11,20,22,34,49,42
649,3890,0,2021-05-01,10,15,21,30,32,38,24
649,3891,0,2021-05-05,5,22,23,26,43,46,4
649,3892,0,2021-05-08,25,28,36,38,41,49,20
649,3893,0,2021-05-12,30,35,39,42,46,48,38
649,3894,0,2021-05-15,3,6,12,28,39,46,5
649,3895,0,2021-05-19,12,21,25,40,42,49,45
649,3896,0,2021-05-22,7,13,14,34,37,45,29
649,3897,0,2021-05-26,7,10,20,38,45,49,26
649,3898,0,2021-05-29,11,18,19,27,34,46,42
649,3899,0,2021-06-02,1,13,22,32,33,39,48
649,3900,0,2021-06-05,13,15,22,42,45,46,14
649,3901,0,2021-06-09,1,3,15,26,28,39,10
649,3902,0,2021-06-12,11,20,22,33,41,49,34
649,3903,0,2021-06-16,16,23,32,33,37,45,3
649,3904,0,2021-06-19,13,15,17,25,34,45,5
649,3905,0,2021-06-23,9,17,20,22,34,40,48
649,3906,0,2021-06-26,15,27,36,37,43,49,7
649,3907,0,2021-06-30,9,10,13,26,28,30,36
649,3908,0,2021-07-03,4,7,10,31,33,38,23
649,3909,0,2021-07-07,11,16,21,26,42,45,22
649,3910,0,2021-07-10,4,5,18,28,35,42,2
649,3911,0,2021-07-14,2,9,19,23,26,30,10
649,3912,0,2021-07-17,22,24,28,35,37,45,49
649,3913,0,2021-07-21,2,4,15,20,35,45,10
649,3914,0,2021-07-24,1,5,7,19,37,45,35
649,3915,0,2021-07-28,1,4,10,14,32,39,19
649,3916,0,2021-07-31,7,30,37,43,47,49,20
649,3917,0,2021-08-04,3,8,21,38,42,49,27
649,3918,0,2021-08-07,10,13,15,22,29,46,3
649,3919,0,2021-08-11,12,15,25,40,44,45,31
649,3920,0,2021-08-14,3,8,11,34,40,47,4
649,3921,0,2021-08-18,7,8,28,30,32,42,33
649,3922,0,2021-08-21,2,9,15,21,38,46,36
649,3923,0,2021-08-25,1,16,34,37,41,48,21
649,3924,0,2021-08-28,6,8,9,12,19,26,43
649,3925,0,2021-09-01,3,4,14,18,19,42,43
649,3926,0,2021-09-04,6,13,18,19,29,49,2
649,3927,0,2021-09-08,2,7,10,16,28,36,41
649,3928,0,2021-09-11,15,18,31,33,34,41,45
649,3929,0,2021-09-15,7,11,14,15,27,41,49
649,3930,0,2021-09-18,9,26,29,36,40,41,27
649,3931,0,2021-09-22,5,14,19,30,38,40,27
649,3932,0,2021-09-25,3,8,10,35,46,48,17
649,3933,0,2021-09-29,3,5,38,39,41,48,28
649,3934,0,2021-10-02,8,17,18,19,48,49,26
649,3935,0,2021-10-06,7,18,19,38,42,46,31
649,3936,0,2021-10-09,1,11,19,27,28,38,8
649,3937,0,2021-10-13,2,7,8,11,19,27,24
649,3938,0,2021-10-16,5,10,11,33,44,47,20
649,3939,0,2021-10-20,6,9,34,35,48,49,41
649,3940,0,2021-10-23,1,3,9,40,42,44,46
649,3941,0,2021-10-27,3,9,14,36,40,46,41
649,3942,0,2021-10-30,3,5,7,23,42,46,15
649,3943,0,2021-11-03,9,20,27,35,37,43,3
649,3944,0,2021-11-06,14,16,28,39,41,47,37
649,3945,0,2021-11-10,2,7,18,19,23,25,43
649,3946,0,2021-11-13,5,6,7,18,25,37,24
649,3947,0,2021-11-17,3,4,18,23,27,28,38
649,3948,0,2021-11-20,15,25,26,29,42,43,22
649,3949,0,2021-11-24,10,11,18,20,35,48,39
649,3950,0,2021-11-27,6,7,14,23,35,41,11
649,3951,0,2021-12-01,14,17,27,34,36,42,8
649,3952,0,2021-12-04,5,11,15,28,31,47,19
649,3953,0,2021-12-08,23,25,26,36,40,49,42
649,3954,0,2021-12-11,1,6,26,27,43,46,12
649,3955,0,2021-12-15,1,9,12,18,35,48,19
649,3956,0,2021-12-18,2,10,15,16,20,49,18
649,3957,0,2021-12-22,1,2,3,11,15,43,46
649,3958,0,2021-12-25,4,13,21,24,31,45,41
649,3959,0,2021-12-29,18,32,42,44,45,48,38
649,3960,0,2022-01-01,7,8,15,17,19,33,6
649,3961,0,2022-01-05,2,5,8,29,36,45,23
649,3962,0,2022-01-08,6,18,23,31,46,48,4
649,3963,0,2022-01-12,8,21,26,29,31,46,40
649,3964,0,2022-01-15,5,10,35,41,42,44,13
649,3965,0,2022-01-19,3,12,19,37,39,45,47
649,3966,0,2022-01-22,7,12,27,31,37,44,35
649,3967,0,2022-01-26,5,22,25,30,32,46,45
649,3968,0,2022-01-29,10,14,25,29,33,44,40
649,3969,0,2022-02-02,3,7,9,23,26,32,42
649,3970,0,2022-02-05,2,9,12,14,23,24,10
649,3971,0,2022-02-09,12,14,19,28,32,36,17
649,3972,0,2022-02-12,1,25,26,37,40,43,3
649,3973,0,2022-02-16,2,8,30,31,40,44,11
649,3974,0,2022-02-19,4,16,30,32,37,44,35
649,3975,0,2022-02-23,4,10,28,31,33,43,18
649,3976,0,2022-02-26,6,8,12,16,24,35,25
649,3977,0,2022-03-02,11,12,39,41,42,49,14
649,3978,0,2022-03-05,5,9,10,32,38,40,44
649,3979,0,2022-03-09,16,25,31,34,40,42,15
649,3980,0,2022-03-12,3,8,20,24,37,47,31
649,3981,0,2022-03-16,1,3,8,14,15,16,33
649,3982,0,2022-03-19,4,7,26,36,42,47,32
649,3983,0,2022-03-23,8,11,12,23,29,36,49
649,3984,0,2022-03-26,5,11,21,22,38,45,44
649,3985,0,2022-03-30,3,7,15,21,35,40,37
649,3986,0,2022-04-02,5,12,15,29,42,44,38
649,3987,0,2022-04-06,2,8,9,16,39,49,21
649,3988,0,2022-04-09,12,28,34,41,46,49,2
649,3989,0,2022-04-13,9,27,31,33,45,49,20
649,3990,0,2022-04-16,7,13,26,35,36,38,40
649,3991,0,2022-04-20,6,10,13,17,21,37,34
649,3992,0,2022-04-23,17,19,27,39,44,49,2
649,3993,0,2022-04-27,6,26,29,32,33,41,2
649,3994,0,2022-04-30,9,11,14,16,20,43,32
649,3995,0,2022-05-04,4,21,22,36,41,43,31
649,3996,0,2022-05-07,7,12,21,28,40,46,34
649,3997,0,2022-05-11,5,10,12,34,36,48,27
649,3998,0,2022-05-14,2,14,21,27,34,49,5
649,3999,0,2022-05-18,14,22,24,28,42,48,23
649,4000,0,2022-05-21,4,5,26,33,35,44,30
649,4001,0,2022-05-25,14,15,22,35,36,47,19
649,4002,0,2022-05-28,6,13,15,29,45,48,1
649,4003,0,2022-06-01,1,15,16,19,44,48,5
649,4004,0,2022-06-04,14,24,32,36,37,48,17
649,4005,0,2022-06-08,6,22,32,39,40,46,26
649,4006,0,2022-06-11,14,15,22,25,32,44,45
649,4007,0,2022-06-15,3,5,9,12,16,29,32
649,4008,0,2022-06-18,4,6,20,21,24,44,5
649,4009,0,2022-06-22,7,10,11,18,27,42,25
649,4010,0,2022-06-25,9,14,23,36,38,44,19
649,4011,0,2022-06-29,6,7,16,26,31,35,13
649,4012,0,2022-07-02,1,4,7,33,36,47,2
649,4013,0,2022-07-06,25,33,34,35,37,46,30
649,4014,0,2022-07-09,8,12,21,33,34,45,23
649,4015,0,2022-07-13,13,18,19,21,35,40,29
649,4016,0,2022-07-16,8,19,23,34,37,44,21
649,4017,0,2022-07-20,1,15,17,25,26,40,39
649,4018,0,2022-07-23,6,23,24,26,39,42,21
649,4019,0,2022-07-27,6,19,29,42,45,49,21
649,4020,0,2022-07-30,9,21,22,27,35,47,31
649,4021,0,2022-08-03,10,15,24,27,42,46,36
649,4022,0,2022-08-06,10,18,21,31,34,48,9
649,4023,0,2022-08-10,8,9,36,38,44,45,29
649,4024,0,2022-08-13,5,8,13,35,37,40,3
649,4025,0,2022-08-17,6,7,13,30,31,43,20
649,4026,0,2022-08-20,1,5,11,29,40,49,22
649,4027,0,2022-08-24,9,15,22,24,26,41,16
649,4028,0,2022-08-27,9,12,19,20,23,28,31
649,4029,0,2022-08-31,9,18,25,33,35,41,19
649,4030,0,2022-09-03,5,8,13,21,22,46,9
649,4031,0,2022-09-07,11,12,13,16,29,35,7
649,4032,0,2022-09-10,11,15,19,29,41,49,38
649,4033,0,2022-09-14,7,8,14,22,23,39,11
649,4034,0,2022-09-17,3,9,15,21,33,49,13
649,4035,0,2022-09-21,1,26,33,37,44,49,31
649,4036,0,2022-09-24,10,13,21,37,40,41,48
649,4037,0,2022-09-28,7,10,11,24,32,40,25
649,4038,0,2022-10-01,4,19,21,24,25,36,9
649,4039,0,2022-10-05,3,6,10,19,28,31,2
649,4040,0,2022-10-08,1,5,21,35,37,41,6
649,4041,0,2022-10-12,8,10,25,36,38,41,42
649,4042,0,2022-10-15,7,9,12,33,35,36,6
649,4043,0,2022-10-19,4,15,30,35,42,43,24
649,4044,0,2022-10-22,2,17,24,36,40,49,30
649,4045,0,2022-10-26,10,15,23,38,39,45,37
649,4046,0,2022-10-29,9,13,20,26,28,40,44
649,4047,0,2022-11-02,19,25,38,40,47,48,20
649,4048,0,2022-11-05,2,20,31,40,48,49,44
649,4049,0,2022-11-09,21,23,30,34,41,49,13
649,4050,0,2022-11-12,1,20,24,32,36,37,5
649,4051,0,2022-11-16,4,6,12,20,41,44,31
649,4052,0,2022-11-19,12,16,21,32,38,45,15
649,4053,0,2022-11-23,3,14,19,20,28,47,37
649,4054,0,2022-11-26,18,26,32,37,42,43,10
649,4055,0,2022-11-30,4,11,16,19,27,35,25
649,4056,0,2022-12-03,4,18,26,36,41,42,32
649,4057,0,2022-12-07,22,23,38,41,44,48,8
649,4058,0,2022-12-10,10,14,20,35,37,40,48
649,4059,0,2022-12-14,9,21,34,37,41,44,24
649,4060,0,2022-12-17,11,18,20,23,29,42,6
649,4061,0,2022-12-21,29,34,37,38,42,49,41
649,4062,0,2022-12-24,10,11,21,22,24,30,32
649,4063,0,2022-12-28,2,10,16,17,24,26,18
649,4064,0,2022-12-31,2,5,7,11,15,21,25
649,4065,0,2023-01-04,4,17,21,22,31,38,46
649,4066,0,2023-01-07,5,6,14,16,45,48,18
649,4067,0,2023-01-11,13,17,22,30,31,47,7
649,4068,0,2023-01-14,1,10,11,13,29,37,47
649,4069,0,2023-01-18,6,13,25,31,41,47,46
649,4070,0,2023-01-21,8,11,27,35,38,45,48
649,4071,0,2023-01-25,5,13,24,33,35,41,43
649,4072,0,2023-01-28,5,12,15,26,46,48,17
649,4073,0,2023-02-01,8,22,23,24,34,38,41
649,4074,0,2023-02-04,11,13,29,31,42,47,17
649,4075,0,2023-02-08,6,12,19,24,38,47,27
649,4076,0,2023-02-11,4,17,21,27,32,42,30
649,4077,0,2023-02-15,1,3,8,37,41,43,16
649,4078,0,2023-02-18,3,5,7,10,26,39,22
649,4079,0,2023-02-22,3,19,24,25,27,43,34
649,4080,0,2023-02-25,2,23,24,25,39,40,21
649,4081,0,2023-03-01,3,8,10,14,34,35,44
649,4082,0,2023-03-04,3,9,19,22,37,43,27
649,4083,0,2023-03-08,6,9,25,34,36,43,38
649,4084,0,2023-03-11,6,13,21,29,33,49,22
649,4085,0,2023-03-15,4,9,26,27,28,33,30
649,4086,0,2023-03-18,4,7,8,15,34,45,1
649,4087,0,2023-03-22,2,7,9,11,39,41,48
649,4088,0,2023-03-25,11,12,13,16,22,28,27
649,4089,0,2023-03-29,9,10,12,17,30,45,44
649,4090,0,2023-04-01,5,11,23,31,45,49,6
649,4091,0,2023-04-05,10,17,21,22,41,42,3
649,4092,0,2023-04-08,8,13,16,27,31,46,41
649,4093,0,2023-04-12,9,10,19,23,32,37,46
649,4094,0,2023-04-15,1,20,30,35,36,44,48
649,4095,0,2023-04-19,1,6,13,17,43,44,28
649,4096,0,2023-04-22,4,8,21,38,46,49,36
649,4097,0,2023-04-26,5,9,25,29,39,48,22
649,4098,0,2023-04-29,6,11,28,29,39,43,34
649,4099,0,2023-05-03,7,15,21,34,46,48,16
649,4100,0,2023-05-06,3,19,23,30,37,42,1
649,4101,0,2023-05-10,27,34,36,41,44,47,38
649,4102,0,2023-05-13,13,14,27,29,31,42,45
649,4103,0,2023-05-17,16,25,28,40,47,49,7
649,4104,0,2023-05-20,4,6,23,27,41,48,28
649,4105,0,2023-05-24,3,7,37,43,45,46,31
649,4106,0,2023-05-27,11,20,26,38,44,45,41
649,4107,0,2023-05-31,9,22,23,25,30,37,48
649,4108,0,2023-06-03,22,31,33,34,43,49,21
649,4109,0,2023-06-07,1,15,19,24,32,44,31
649,4110,0,2023-06-10,14,23,26,31,32,42,25
649,4111,0,2023-06-14,12,18,22,24,25,47,21
649,4112,0,2023-06-17,16,31,42,44,45,48,15
649,4113,0,2023-06-21,4,5,13,14,33,35,8
649,4114,0,2023-06-24,5,7,15,18,21,29,17
649,4115,0,2023-06-28,8,13,16,40,42,47,22
649,4116,0,2023-07-01,10,21,30,32,35,49,41
649,4117,0,2023-07-05,3,4,10,12,30,34,14
649,4118,0,2023-07-08,10,11,23,30,44,49,6
649,4119,0,2023-07-12,9,18,22,23,28,46,11
649,4120,0,2023-07-15,17,24,31,32,35,47,20
649,4121,0,2023-07-19,15,25,30,31,40,48,22
649,4122,0,2023-07-22,3,7,8,25,35,48,32
649,4123,0,2023-07-26,10,19,20,30,38,45,7
649,4124,0,2023-07-29,2,7,8,18,33,36,14
649,4125,0,2023-08-02,4,7,9,25,34,48,42
649,4126,0,2023-08-05,1,5,10,20,28,39,26
649,4127,0,2023-08-09,17,35,37,40,45,47,44
649,4128,0,2023-08-12,2,5,7,12,31,44,29
649,4129,0,2023-08-16,2,3,6,7,17,27,24
649,4130,0,2023-08-19,22,23,25,35,36,41,21
649,4131,0,2023-08-23,3,13,14,19,26,36,25
649,4132,0,2023-08-26,6,10,11,22,32,43,27
649,4133,0,2023-08-30,3,16,22,25,27,46,19
649,4134,0,2023-09-02,12,13,30,33,35,43,17
649,4135,0,2023-09-06,3,10,31,38,39,41,34
649,4136,0,2023-09-09,8,17,20,26,42,44,3
649,4137,0,2023-09-13,8,10,18,32,33,42,40
649,4138,0,2023-09-16,5,9,14,29,37,38,18
649,4139,0,2023-09-20,10,14,17,22,25,38,24
649,4140,0,2023-09-23,5,18,22,26,28,45,14
649,4141,0,2023-09-27,9,17,25,30,38,48,35
649,4142,0,2023-09-30,30,31,34,43,45,47,14
649,4143,0,2023-10-04,18,19,26,27,29,30,34
649,4144,0,2023-10-07,4,6,20,40,45,46,33
649,4145,0,2023-10-11,9,17,22,28,37,43,25
649,4146,0,2023-10-14,15,17,23,32,37,47,49
649,4147,0,2023-10-18,3,4,9,27,30,37,48
649,4148,0,2023-10-21,1,12,17,19,23,39,37
649,4149,0,2023-10-25,1,4,16,22,29,47,43
649,4150,0,2023-10-28,4,9,17,30,36,43,37
649,4151,0,2023-11-01,7,12,31,34,41,48,25
649,4152,0,2023-11-04,1,10,15,17,35,45,34
649,4153,0,2023-11-08,25,29,37,43,46,48,15
649,4154,0,2023-11-11,3,17,25,26,41,42,18
649,4155,0,2023-11-15,16,20,23,32,37,39,13
649,4156,0,2023-11-18,6,22,26,30,35,36,25
649,4157,0,2023-11-22,7,12,13,17,20,36,11
649,4158,0,2023-11-25,5,9,18,29,39,42,48
649,4159,0,2023-11-29,11,13,16,18,21,43,37
649,4160,0,2023-12-02,1,2,20,26,39,49,18
649,4161,0,2023-12-06,1,11,31,36,38,45,46
649,4162,0,2023-12-09,4,5,14,21,27,30,41
649,4163,0,2023-12-13,7,16,20,33,46,47,5
649,4164,0,2023-12-16,7,8,13,20,43,44,2
649,4165,0,2023-12-20,10,12,13,17,35,44,47
649,4166,0,2023-12-23,7,10,15,21,29,31,17
649,4167,0,2023-12-27,3,11,21,40,46,48,36
649,4168,0,2023-12-30,7,18,23,28,31,48,44
649,4169,0,2024-01-03,2,12,23,30,32,35,47
649,4170,0,2024-01-06,18,19,33,38,48,49,27
649,4171,0,2024-01-10,3,18,25,31,35,39,1
649,4172,0,2024-01-13,24,28,31,40,42,48,43
649,4173,0,2024-01-17,8,10,11,25,29,37,45
649,4174,0,2024-01-20,1,6,12,27,45,49,47
649,4175,0,2024-01-24,1,8,20,30,31,34,41
649,4176,0,2024-01-27,8,11,13,23,24,36,12
649,4177,0,2024-01-31,8,9,28,29,34,43,40
649,4178,0,2024-02-03,5,10,15,27,40,47,7
649,4179,0,2024-02-07,7,19,21,33,36,45,4
649,4180,0,2024-02-10,1,5,15,18,22,44,6
649,4181,0,2024-02-14,7,15,37,41,42,47,12
649,4182,0,2024-02-17,3,17,25,29,36,46,2
649,4183,0,2024-02-21,31,32,45,46,47,49,12
649,4184,0,2024-02-24,2,14,15,28,42,44,25
649,4185,0,2024-02-28,7,24,34,42,46,49,1
649,4186,0,2024-03-02,4,13,26,34,35,42,1
649,4187,0,2024-03-06,20,33,39,44,48,49,6
649,4188,0,2024-03-09,6,15,19,34,45,47,27
649,4189,0,2024-03-13,4,8,15,32,40,44,7
649,4190,0,2024-03-16,12,27,32,38,39,41,42
649,4191,0,2024-03-20,8,19,33,44,46,48,21
649,4192,0,2024-03-23,2,14,26,27,33,49,8
649,4193,0,2024-03-27,14,22,27,39,40,45,6
649,4194,0,2024-03-30,7,12,25,29,39,43,23
649,4195,0,2024-04-03,2,10,35,36,38,46,20
649,4196,0,2024-04-06,16,18,22,29,36,43,44
649,4197,0,2024-04-10,11,12,17,23,38,46,40
649,4198,0,2024-04-13,11,17,21,27,41,44,7
649,4199,0,2024-04-17,4,7,8,14,41,46,6
649,4200,0,2024-04-20,9,14,23,26,30,43,35
649,4201,0,2024-04-24,10,16,18,22,39,46,19
649,4202,0,2024-04-27,3,6,18,26,36,42,17
649,4203,0,2024-05-01,3,18,30,34,36,39,21
649,4204,0,2024-05-04,2,16,21,27,38,45,43
649,4205,0,2024-05-08,4,7,11,29,30,31,32
649,4206,0,2024-05-11,2,10,17,18,22,28,36
649,4207,0,2024-05-15,13,17,23,24,40,48,29
649,4208,0,2024-05-18,27,29,32,33,35,39,18
649,4209,0,2024-05-22,3,18,20,25,39,43,4
649,4210,0,2024-05-25,14,21,31,37,39,42,19
649,4211,0,2024-05-29,4,26,27,32,38,40,10
649,4212,0,2024-06-01,17,22,28,35,37,41,18
649,4213,0,2024-06-05,4,6,24,27,32,41,34
649,4214,0,2024-06-08,3,6,26,28,39,40,29
649,4215,0,2024-06-12,7,8,10,17,43,48,26
649,4216,0,2024-06-15,4,11,27,30,33,34,42
649,4217,0,2024-06-19,8,12,19,28,42,48,5
649,4218,0,2024-06-22,20,23,29,34,37,43,33
649,4219,0,2024-06-26,2,7,10,23,25,29,40
649,4220,0,2024-06-29,6,7,30,33,35,39,15
649,4221,0,2024-07-03,2,3,7,22,28,31,20
649,4222,0,2024-07-06,5,6,8,16,18,38,30
649,4223,0,2024-07-10,7,11,18,37,38,45,31
649,4224,0,2024-07-13,5,18,27,31,32,35,23
649,4225,0,2024-07-17,11,13,25,28,34,42,44
649,4226,0,2024-07-20,5,12,15,23,37,42,21
649,4227,0,2024-07-24,1,6,34,36,40,48,27
649,4228,0,2024-07-27,5,23,26,33,36,39,8
649,4229,0,2024-07-31,12,18,19,26,40,42,35
649,4230,0,2024-08-03,3,11,18,32,39,42,28
649,4231,0,2024-08-07,3,6,16,35,41,42,23
649,4232,0,2024-08-10,9,15,17,20,25,49,28
649,4233,0,2024-08-14,10,11,29,30,36,48,18
649,4234,0,2024-08-17,7,8,9,10,26,33,19
649,4235,0,2024-08-21,4,6,13,14,34,36,40
649,4236,0,2024-08-24,16,21,29,32,42,49,5
649,4237,0,2024-08-28,4,20,29,40,41,48,47
649,4238,0,2024-08-31,7,24,25,34,43,44,13
649,4239,0,2024-09-04,31,34,38,41,43,48,47
649,4240,0,2024-09-07,8,21,33,34,37,47,24
649,4241,0,2024-09-11,1,8,19,33,46,49,2
649,4242,0,2024-09-14,11,14,19,25,26,28,21
649,4243,0,2024-09-18,2,13,14,18,20,39,40
649,4244,0,2024-09-21,5,10,11,15,27,49,25
649,4245,0,2024-09-25,2,4,8,11,14,40,36
649,4246,0,2024-09-28,7,15,23,29,41,46,22
649,4247,0,2024-10-02,26,28,33,41,42,49,45
649,4248,0,2024-10-05,17,18,20,29,32,35,38
649,4249,0,2024-10-09,20,22,23,36,46,47,42
649,4250,0,2024-10-12,3,16,21,28,39,43,8
649,4251,0,2024-10-16,1,17,26,35,44,48,19
649,4252,0,2024-10-19,2,12,20,23,28,41,43
649,4253,0,2024-10-23,4,15,18,20,37,40,43
649,4254,0,2024-10-26,7,16,19,25,28,29,15
649,4255,0,2024-10-30,4,9,14,17,30,44,3
649,4256,0,2024-11-02,7,13,37,42,46,47,48
649,4257,0,2024-11-06,2,11,18,21,23,25,26
649,4258,0,2024-11-09,9,12,16,39,47,49,30
649,4259,0,2024-11-13,5,15,17,29,35,45,25
649,4260,0,2024-11-16,7,14,21,30,32,42,15
649,4261,0,2024-11-20,12,13,21,24,46,49,15
649,4262,0,2024-11-23,3,4,6,11,27,39,1
649,4263,0,2024-11-27,2,3,6,14,34,44,35
649,4264,0,2024-11-30,1,5,22,25,36,37,30
649,4265,0,2024-12-04,19,23,37,39,41,49,29
649,4266,0,2024-12-07,9,22,33,41,42,45,12
649,4267,0,2024-12-11,26,35,39,40,41,46,3
649,4268,0,2024-12-14,3,4,13,16,27,43,38
649,4269,0,2024-12-18,7,9,17,39,41,45,47
649,4270,0,2024-12-21,6,9,21,24,41,48,31
649,4271,0,2024-12-25,5,6,14,16,18,44,19
649,4272,0,2024-12-28,8,16,18,23,34,36,12
649,4273,0,2025-01-01,2,10,13,26,35,46,8
649,4274,0,2025-01-04,2,5,9,19,24,44,10
649,4275,0,2025-01-08,9,10,12,22,32,34,47
649,4276,0,2025-01-11,3,9,18,25,43,45,31
649,4277,0,2025-01-15,4,17,21,32,33,49,28
649,4278,0,2025-01-18,8,13,16,18,31,43,1
649,4279,0,2025-01-22,22,24,28,32,41,42,25
649,4280,0,2025-01-25,1,14,19,27,32,40,37
649,4281,0,2025-01-29,3,7,15,20,31,39,2
649,4282,0,2025-02-01,2,28,29,30,36,49,35
649,4283,0,2025-02-05,4,13,20,32,37,46,33
649,4284,0,2025-02-08,7,17,22,26,27,32,46
649,4285,0,2025-02-12,19,24,39,40,42,45,41
649,4286,0,2025-02-15,8,10,31,37,43,49,34
649,4287,0,2025-02-19,9,10,11,24,31,37,44
649,4288,0,2025-02-22,7,13,29,39,47,48,26
649,4289,0,2025-02-26,7,19,20,26,31,35,40
649,4290,0,2025-03-01,15,19,25,33,40,42,13
649,4291,0,2025-03-05,9,11,26,36,37,42,24
649,4292,0,2025-03-08,2,3,13,27,36,48,15
649,4293,0,2025-03-12,13,15,16,22,23,46,2
649,4294,0,2025-03-15,19,31,32,37,38,39,34
649,4295,0,2025-03-19,6,7,28,32,44,48,18
649,4296,0,2025-03-22,1,3,13,16,26,32,21
649,4297,0,2025-03-26,9,13,25,30,45,49,8
649,4298,0,2025-03-29,14,23,24,27,34,42,43
649,4299,0,2025-04-02,18,26,35,40,43,47,24
649,4300,0,2025-04-05,2,14,23,29,39,42,15
649,4301,0,2025-04-09,11,18,26,35,37,39,16
649,4302,0,2025-04-12,17,20,23,36,40,42,34
649,4303,0,2025-04-16,3,11,13,15,17,39,32
649,4304,0,2025-04-19,1,7,31,35,46,49,29
649,4305,0,2025-04-23,9,15,22,24,40,49,25
649,4306,0,2025-04-26,18,22,28,32,38,44,20
649,4307,0,2025-04-30,1,9,12,15,34,35,31
649,4308,0,2025-05-03,12,22,25,30,36,41,14
649,4309,0,2025-05-07,1,4,8,13,16,26,14
649,4310,0,2025-05-10,5,12,17,19,40,47,29
649,4311,0,2025-05-14,1,8,17,18,41,48,42
649,4312,0,2025-05-17,7,9,20,34,38,46,14
649,4313,0,2025-05-21,1,2,37,38,43,46,40
649,4314,0,2025-05-24,4,8,18,27,28,31,48
649,4315,0,2025-05-28,6,13,28,31,34,48,42
649,4316,0,2025-05-31,2,4,11,26,34,37,24
649,4317,0,2025-06-04,8,20,30,39,41,48,18
649,4318,0,2025-06-07,2,10,12,21,36,41,33
649,4319,0,2025-06-11,4,9,23,28,32,39,26
649,4320,0,2025-06-14,5,8,20,28,35,38,46
649,4321,0,2025-06-18,8,14,20,25,30,38,46
649,4322,0,2025-06-21,14,15,17,38,40,49,23
649,4323,0,2025-06-25,4,8,15,20,40,49,37
649,4324,0,2025-06-28,2,3,14,17,44,48,8
649,4325,0,2025-07-02,6,25,27,34,38,49,2
649,4326,0,2025-07-05,3,6,15,33,39,42,18
649,4327,0,2025-07-09,2,17,18,22,32,37,26
649,4328,0,2025-07-12,2,12,25,26,27,36,24
649,4329,0,2025-07-16,2,4,9,17,20,46,31
649,4330,0,2025-07-19,2,7,22,33,35,44,3
649,4331,0,2025-07-23,4,12,19,34,40,42,5
649,4332,0,2025-07-26,5,8,13,26,44,49,47
649,4333,0,2025-07-30,11,13,15,16,38,48,25
649,4334,0,2025-08-02,7,11,23,29,44,46,42
649,4335,0,2025-08-06,1,4,5,10,37,46,24
649,4336,0,2025-08-09,15,17,21,22,38,45,26
649,4337,0,2025-08-13,4,9,11,12,42,49,41
649,4338,0,2025-08-16,7,18,23,35,48,49,19
649,4339,0,2025-08-20,24,29,31,33,36,37,21
649,4340,0,2025-08-23,3,10,12,14,36,41,1
649,4341,0,2025-08-27,5,16,17,21,41,47,6
649,4342,0,2025-08-30,3,5,6,11,36,38,48
649,4343,0,2025-09-03,14,22,24,28,34,35,4
649,4344,0,2025-09-06,12,25,26,38,39,41,16
649,4345,0,2025-09-10,11,25,30,35,46,49,37
649,4346,0,2025-09-13,13,21,23,33,35,45,1
649,4347,0,2025-09-17,3,12,23,27,33,45,22
649,4348,0,2025-09-20,7,9,19,34,39,44,38
649,4349,0,2025-09-24,9,10,12,17,46,49,30
649,4350,0,2025-09-27,1,7,15,19,36,40,47
649,4351,0,2025-10-01,26,27,30,38,47,48,43
649,4352,0,2025-10-04,24,31,37,41,45,46,16
649,4353,0,2025-10-08,17,22,24,40,42,46,29
649,4354,0,2025-10-11,5,23,25,40,41,43,34
649,4355,0,2025-10-15,5,10,17,26,31,32,24
649,4356,0,2025-10-18,9,17,21,39,41,48,28
649,4357,0,2025-10-22,2,4,7,41,45,46,13
649,4358,0,2025-10-25,6,8,19,39,43,49,46
649,4359,0,2025-10-29,2,10,27,28,35,45,14
649,4360,0,2025-11-01,21,22,27,33,34,44,13
649,4361,0,2025-11-05,5,16,17,30,35,46,6
649,4362,0,2025-11-08,12,15,16,21,29,47,35
649,4363,0,2025-11-12,2,6,7,38,39,41,49
649,4364,0,2025-11-15,1,5,8,25,42,47,44
649,4365,0,2025-11-19,14,17,28,31,42,48,5
649,4366,0,2025-11-22,11,14,19,24,45,48,39
649,4367,0,2025-11-26,11,23,28,30,44,45,42
649,4368,0,2025-11-29,5,6,9,29,42,45,2
649,4369,0,2025-12-03,1,3,13,25,38,49,6
649,4370,0,2025-12-06,9,11,15,38,39,44,21
649,4371,0,2025-12-10,9,11,13,30,40,43,21
649,4372,0,2025-12-13,13,14,21,23,26,49,41
649,4373,0,2025-12-17,8,17,35,36,37,45,32
649,4374,0,2025-12-20,13,22,24,28,29,46,16
649,4375,0,2025-12-24,2,19,20,22,42,47,35
649,4376,0,2025-12-27,2,8,23,28,29,36,13
649,4377,0,2025-12-31,1,6,10,21,39,40,28
649,4378,0,2026-01-03,3,12,16,21,22,41,37
649,4379,0,2026-01-07,3,9,10,11,14,24,5
649,4380,0,2026-01-10,16,19,26,31,47,49,46
649,4381,0,2026-01-14,9,12,23,28,33,47,15
649,4382,0,2026-01-17,10,12,15,33,34,45,8
649,4383,0,2026-01-21,4,13,21,27,34,39,36
649,4384,0,2026-01-24,9,13,15,28,41,49,43
649,4385,0,2026-01-28,8,15,44,45,48,49,7
649,4386,0,2026-01-31,1,7,21,33,41,47,43
649,4387,0,2026-02-04,3,4,9,15,27,49,6
649,4388,0,2026-02-07,16,23,30,43,46,48,10
649,4389,0,2026-02-11,25,28,32,40,42,43,16
649,4390,0,2026-02-14,1,4,15,29,35,44,27
649,4391,0,2026-02-18,5,6,16,17,33,44,29
649,4392,0,2026-02-21,3,9,30,33,37,43,49
649,4393,0,2026-02-25,17,24,32,37,46,49,43
649,4394,0,2026-02-28,15,18,24,36,39,40,9
649,4395,0,2026-03-04,2,18,30,39,40,44,28
649,4396,0,2026-03-07,16,20,32,42,43,46,31
649,4397,0,2026-03-11,5,6,8,14,16,39,11
649,4398,0,2026-03-14,9,15,16,20,38,45,10
649,4399,0,2026-03-18,3,21,25,26,35,44,22
649,4400,0,2026-03-21,2,16,18,37,39,41,47
649,4401,0,2026-03-25,20,23,25,28,40,45,44
649,4402,0,2026-03-28,10,11,25,35,37,42,36
649,4403,0,2026-04-01,16,24,28,34,46,49,22
649,4404,0,2026-04-04,10,21,24,30,36,38,41
649,4405,0,2026-04-08,9,14,41,44,48,49,8
649,4406,0,2026-04-11,4,22,28,29,39,41,46
649,4407,0,2026-04-15,10,13,15,26,34,36,8
649,4408,0,2026-04-18,27,30,32,35,37,45,7
649,4409,0,2026-04-22,7,11,13,30,37,49,42
649,4410,0,2026-04-25,14,23,25,28,33,39,32
649,4411,0,2026-04-29,6,19,23,31,47,49,45
649,4412,0,2026-05-02,10,14,19,28,38,44,40
649,4413,0,2026-05-06,2,9,35,42,43,47,17
649,4414,0,2026-05-09,13,15,21,28,34,40,45
649,4415,0,2026-05-13,1,42,43,44,46,48,29
649,4416,0,2026-05-16,5,34,36,41,44,45,10
649,4417,0,2026-05-20,4,13,14,20,22,47,10
649,4418,0,2026-05-23,3,16,27,30,36,42,1
649,4419,0,2026-05-27,5,27,35,38,44,46,3
649,4420,0,2026-05-30,4,6,10,21,33,39,32
649,4421,0,2026-06-03,3,5,6,28,30,37,19
649,4422,0,2026-06-06,9,27,30,33,45,47,20
649,4423,0,2026-06-10,4,9,33,39,40,48,1
649,4424,0,2026-06-13,1,5,9,17,36,46,12
649,4425,0,2026-06-17,2,14,23,26,42,48,25
649,4426,0,2026-06-20,9,15,26,27,35,42,17
649,4427,0,2026-06-24,9,20,28,29,36,42,1
649,4428,0,2026-06-27,14,22,27,29,37,46,20
649,4429,0,2026-07-01,3,10,14,20,30,45,8
649,4430,0,2026-07-04,4,5,27,29,38,47,35
649,4431,0,2026-07-08,15,19,25,37,41,42,3
649,4432,0,2026-07-11,5,10,11,33,34,41,25
649,4433,0,2026-07-15,12,15,17,21,28,38,41
649,4434,0,2026-07-18,15,27,29,33,46,49,21
649,4435,0,2026-07-22,9,25,29,30,33,44,10
649,4436,0,2026-07-25,1,8,9,24,36,37,25
649,4437,0,2026-07-29,6,8,13,15,20,37,10
649,4438,0,2026-08-01,8,22,37,41,43,44,12
649,4439,0,2026-08-05,12,30,31,35,41,48,21
649,4440,0,2026-08-08,3,7,18,24,45,48,29
649,4441,0,2026-08-12,6,13,28,34,45,48,46
649,4442,0,2026-08-15,1,9,17,34,36,43,24
649,4443,0,2026-08-19,6,7,10,32,33,36,11
649,4444,0,2026-08-22,11,13,21,31,34,45,5
649,4445,0,2026-08-26,2,14,30,33,41,45,39
649,4446,0,2026-08-29,16,20,23,24,25,33,21
649,4447,0,2026-09-02,6,8,9,14,17,25,16
649,4448,0,2026-09-05,5,10,17,34,42,49,44
649,4449,0,2026-09-09,14,18,27,35,41,47,17
649,4450,0,2026-09-12,1,3,17,20,26,32,5
649,4451,0,2026-09-16,3,5,19,32,46,48,9
649,4452,0,2026-09-19,1,4,13,18,25,42,29
649,4453,0,2026-09-23,11,20,32,35,38,45,9
