PRODUCT,DRAW NUMBER,SEQUENCE NUMBER,DRAW DATE,NUMBER DRAWN 1,NUMBER DRAWN 2,NUMBER DRAWN 3,NUMBER DRAWN 4,NUMBER DRAWN 5,NUMBER DRAWN 6,NUMBER DRAWN 7,BONUS NUMBER
LOTTO MAX,1,0,2009-09-25,5,17,19,25,31,38,46,4
LOTTO MAX,2,0,2009-10-02,8,27,28,29,31,32,35,11
LOTTO MAX,3,0,2009-10-09,5,15,25,38,42,46,47,26
LOTTO MAX,4,0,2009-10-16,4,10,18,20,31,35,44,29
LOTTO MAX,5,0,2009-10-23,4,7,10,12,23,25,36,18
LOTTO MAX,6,0,2009-10-30,6,9,10,14,17,18,19,46
LOTTO MAX,7,0,2009-11-06,2,7,8,11,16,17,18,12
LOTTO MAX,8,0,2009-11-13,8,18,27,28,38,41,48,36
LOTTO MAX,9,0,2009-11-20,2,8,28,30,36,39,42,24
LOTTO MAX,10,0,2009-11-27,11,15,24,26,37,38,43,17
LOTTO MAX,11,0,2009-12-04,1,6,13,19,32,35,40,7
LOTTO MAX,12,0,2009-12-11,1,4,5,7,22,29,48,13
LOTTO MAX,13,0,2009-12-18,8,10,15,17,33,34,35,13
LOTTO MAX,14,0,2009-12-25,8,9,12,13,29,30,31,47
LOTTO MAX,15,0,2010-01-01,7,9,13,18,27,33,44,15
LOTTO MAX,16,0,2010-01-08,8,17,21,23,24,28,39,31
LOTTO MAX,17,0,2010-01-15,12,17,22,30,34,43,49,48
LOTTO MAX,18,0,2010-01-22,17,26,30,32,34,39,41,49
LOTTO MAX,19,0,2010-01-29,16,17,22,24,40,41,47,45
LOTTO MAX,20,0,2010-02-05,10,19,25,29,39,41,42,21
LOTTO MAX,21,0,2010-02-12,9,12,17,23,34,42,47,37
LOTTO MAX,22,0,2010-02-19,4,23,27,32,35,43,47,24
LOTTO MAX,23,0,2010-02-26,2,27,30,32,35,36,38,39
LOTTO MAX,24,0,2010-03-05,5,8,18,22,32,39,45,19
LOTTO MAX,25,0,2010-03-12,17,18,19,21,32,40,49,6
LOTTO MAX,26,0,2010-03-19,1,3,6,34,37,42,45,27
LOTTO MAX,27,0,2010-03-26,3,11,12,16,34,36,37,18
LOTTO MAX,28,0,2010-04-02,4,9,12,15,28,29,43,17
LOTTO MAX,29,0,2010-04-09,11,16,29,30,31,33,42,24
LOTTO MAX,30,0,2010-04-16,6,7,17,20,32,44,49,46
LOTTO MAX,31,0,2010-04-23,8,11,16,21,24,28,41,37
LOTTO MAX,32,0,2010-04-30,1,3,4,5,16,32,33,41
LOTTO MAX,33,0,2010-05-07,3,6,10,14,19,25,33,1
LOTTO MAX,34,0,2010-05-14,7,17,19,23,31,36,41,1
LOTTO MAX,35,0,2010-05-21,14,16,30,35,36,45,49,10
LOTTO MAX,36,0,2010-05-28,11,18,23,24,27,28,39,1
LOTTO MAX,37,0,2010-06-04,3,18,27,30,33,40,45,31
LOTTO MAX,38,0,2010-06-11,2,7,12,25,29,32,35,26
LOTTO MAX,39,0,2010-06-18,5,6,26,29,34,36,43,49
LOTTO MAX,40,0,2010-06-25,5,22,28,31,39,46,48,4
LOTTO MAX,41,0,2010-07-02,9,19,25,26,29,30,44,33
LOTTO MAX,42,0,2010-07-09,9,10,19,24,28,30,31,46
LOTTO MAX,43,0,2010-07-16,10,14,26,34,43,47,48,28
LOTTO MAX,44,0,2010-07-23,17,19,26,29,34,35,38,47
LOTTO MAX,45,0,2010-07-30,5,7,11,40,41,47,48,6
LOTTO MAX,46,0,2010-08-06,1,5,6,32,36,38,44,29
LOTTO MAX,47,0,2010-08-13,19,25,27,29,30,36,46,15
LOTTO MAX,48,0,2010-08-20,4,5,7,8,18,30,35,39
LOTTO MAX,49,0,2010-08-27,3,14,26,27,29,32,34,1
LOTTO MAX,50,0,2010-09-03,12,17,27,28,31,36,48,37
LOTTO MAX,51,0,2010-09-10,4,17,27,32,34,39,47,13
LOTTO MAX,52,0,2010-09-17,2,5,6,43,46,47,48,39
LOTTO MAX,53,0,2010-09-24,9,22,25,30,31,39,42,19
LOTTO MAX,54,0,2010-10-01,10,12,13,25,28,29,41,39
LOTTO MAX,55,0,2010-10-08,3,4,5,8,13,22,33,32
LOTTO MAX,56,0,2010-10-15,3,14,17,25,30,33,39,7
LOTTO MAX,57,0,2010-10-22,12,15,19,20,28,29,39,14
LOTTO MAX,58,0,2010-10-29,2,6,21,26,28,33,47,11
LOTTO MAX,59,0,2010-11-05,7,10,24,30,35,36,39,3
LOTTO MAX,60,0,2010-11-12,13,15,17,18,19,47,49,38
LOTTO MAX,61,0,2010-11-19,4,13,25,29,36,40,48,24
LOTTO MAX,62,0,2010-11-26,12,21,23,27,28,29,37,9
LOTTO MAX,63,0,2010-12-03,1,10,13,26,43,46,49,31
LOTTO MAX,64,0,2010-12-10,7,9,12,20,28,38,44,10
LOTTO MAX,65,0,2010-12-17,1,16,28,29,33,37,47,24
LOTTO MAX,66,0,2010-12-24,8,23,25,26,33,41,43,21
LOTTO MAX,67,0,2010-12-31,2,7,10,22,32,34,38,1
LOTTO MAX,68,0,2011-01-07,2,10,13,15,23,28,49,40
LOTTO MAX,69,0,2011-01-14,2,6,10,12,24,30,37,3
LOTTO MAX,70,0,2011-01-21,2,18,19,29,42,47,49,17
LOTTO MAX,71,0,2011-01-28,7,10,14,20,21,23,31,41
LOTTO MAX,72,0,2011-02-04,1,3,13,18,19,39,48,40
LOTTO MAX,73,0,2011-02-11,4,6,13,19,26,29,47,43
LOTTO MAX,74,0,2011-02-18,3,7,12,16,20,42,48,31
LOTTO MAX,75,0,2011-02-25,3,14,19,30,32,39,46,8
LOTTO MAX,76,0,2011-03-04,3,18,27,29,32,33,35,47
LOTTO MAX,77,0,2011-03-11,2,3,4,20,22,40,43,9
LOTTO MAX,78,0,2011-03-18,2,5,10,21,25,35,49,40
LOTTO MAX,79,0,2011-03-25,1,4,22,25,26,36,46,5
LOTTO MAX,80,0,2011-04-01,5,6,11,12,24,26,34,49
LOTTO MAX,81,0,2011-04-08,13,18,25,41,44,48,49,1
LOTTO MAX,82,0,2011-04-15,3,12,14,15,25,32,49,37
LOTTO MAX,83,0,2011-04-22,7,19,34,35,38,42,46,11
LOTTO MAX,84,0,2011-04-29,1,13,20,24,39,45,47,25
LOTTO MAX,85,0,2011-05-06,6,19,24,25,26,35,36,23
LOTTO MAX,86,0,2011-05-13,7,8,14,32,38,42,44,30
LOTTO MAX,87,0,2011-05-20,7,12,14,18,30,45,47,20
LOTTO MAX,88,0,2011-05-27,5,9,19,20,21,28,30,36
LOTTO MAX,89,0,2011-06-03,8,21,28,32,33,34,48,38
LOTTO MAX,90,0,2011-06-10,8,11,12,25,28,30,33,16
LOTTO MAX,91,0,2011-06-17,2,7,14,16,22,27,47,25
LOTTO MAX,92,0,2011-06-24,2,9,10,15,29,44,48,22
LOTTO MAX,93,0,2011-07-01,15,18,20,28,29,40,47,38
LOTTO MAX,94,0,2011-07-08,17,22,28,38,41,43,45,5
LOTTO MAX,95,0,2011-07-15,3,7,8,12,18,24,41,1
LOTTO MAX,96,0,2011-07-22,4,13,23,28,32,40,42,12
LOTTO MAX,97,0,2011-07-29,1,2,3,17,24,35,36,30
LOTTO MAX,98,0,2011-08-05,11,17,18,20,22,29,45,27
LOTTO MAX,99,0,2011-08-12,4,15,21,30,33,35,47,28
LOTTO MAX,100,0,2011-08-19,4,14,24,41,43,46,49,1
LOTTO MAX,101,0,2011-08-26,6,11,12,14,35,43,44,42
LOTTO MAX,102,0,2011-09-02,2,3,8,13,18,20,23,10
LOTTO MAX,103,0,2011-09-09,6,8,15,20,30,32,42,17
LOTTO MAX,104,0,2011-09-16,12,18,22,24,28,43,49,21
LOTTO MAX,105,0,2011-09-23,8,16,24,27,30,38,40,18
LOTTO MAX,106,0,2011-09-30,5,6,7,12,14,18,25,38
LOTTO MAX,107,0,2011-10-07,12,13,24,25,26,41,43,7
LOTTO MAX,108,0,2011-10-14,1,3,7,19,31,39,49,17
LOTTO MAX,109,0,2011-10-21,6,23,27,30,34,38,45,21
LOTTO MAX,110,0,2011-10-28,2,4,18,20,29,38,41,9
LOTTO MAX,111,0,2011-11-04,5,8,13,15,27,28,37,39
LOTTO MAX,112,0,2011-11-11,5,7,9,25,31,37,39,22
LOTTO MAX,113,0,2011-11-18,8,17,27,28,39,44,49,24
LOTTO MAX,114,0,2011-11-25,8,10,15,24,30,35,49,23
LOTTO MAX,115,0,2011-12-02,23,29,33,34,39,44,48,32
LOTTO MAX,116,0,2011-12-09,3,11,18,19,23,27,44,46
LOTTO MAX,117,0,2011-12-16,11,24,26,31,42,44,46,22
LOTTO MAX,118,0,2011-12-23,3,4,9,25,26,37,39,45
LOTTO MAX,119,0,2011-12-30,2,13,22,28,35,41,42,4
LOTTO MAX,120,0,2012-01-06,1,2,8,13,22,45,46,48
LOTTO MAX,121,0,2012-01-13,6,15,18,26,41,46,48,27
LOTTO MAX,122,0,2012-01-20,9,15,21,23,41,43,44,46
LOTTO MAX,123,0,2012-01-27,8,24,28,34,37,43,45,21
LOTTO MAX,124,0,2012-02-03,2,8,12,14,33,37,47,46
LOTTO MAX,125,0,2012-02-10,1,5,25,35,38,44,47,39
LOTTO MAX,126,0,2012-02-17,1,15,26,28,31,39,49,18
LOTTO MAX,127,0,2012-02-24,6,17,23,24,25,31,38,7
LOTTO MAX,128,0,2012-03-02,4,13,14,15,34,46,47,49
LOTTO MAX,129,0,2012-03-09,7,18,19,29,39,47,48,32
LOTTO MAX,130,0,2012-03-16,5,7,18,24,28,41,49,26
LOTTO MAX,131,0,2012-03-23,6,18,21,23,24,32,48,47
LOTTO MAX,132,0,2012-03-30,3,11,12,19,35,45,47,13
LOTTO MAX,133,0,2012-04-06,15,18,19,25,32,42,49,43
LOTTO MAX,134,0,2012-04-13,2,6,11,12,16,39,45,3
LOTTO MAX,135,0,2012-04-20,14,15,16,19,30,36,46,42
LOTTO MAX,136,0,2012-04-27,3,23,28,40,42,43,45,17
LOTTO MAX,137,0,2012-05-04,3,5,6,25,37,43,45,21
LOTTO MAX,138,0,2012-05-11,1,6,7,24,31,36,39,26
LOTTO MAX,139,0,2012-05-18,3,4,13,15,21,29,48,26
LOTTO MAX,140,0,2012-05-25,1,2,3,6,12,20,41,10
LOTTO MAX,141,0,2012-06-01,4,7,13,24,26,27,43,41
LOTTO MAX,142,0,2012-06-08,9,10,16,24,26,44,48,27
LOTTO MAX,143,0,2012-06-15,8,11,20,28,36,43,47,18
LOTTO MAX,144,0,2012-06-22,1,12,20,22,30,34,38,33
LOTTO MAX,145,0,2012-06-29,10,14,20,28,35,40,42,44
LOTTO MAX,146,0,2012-07-06,14,26,31,34,37,45,48,38
LOTTO MAX,147,0,2012-07-13,3,13,14,23,33,36,45,7
LOTTO MAX,148,0,2012-07-20,4,7,29,35,39,43,44,46
LOTTO MAX,149,0,2012-07-27,2,20,25,26,46,47,48,44
LOTTO MAX,150,0,2012-08-03,1,2,18,26,27,39,42,33
LOTTO MAX,151,0,2012-08-10,2,15,18,19,22,27,49,40
LOTTO MAX,152,0,2012-08-17,18,19,22,27,29,36,47,25
LOTTO MAX,153,0,2012-08-24,2,3,5,22,23,32,33,8
LOTTO MAX,154,0,2012-08-31,5,12,13,28,33,37,43,44
LOTTO MAX,155,0,2012-09-07,11,14,18,20,37,41,46,8
LOTTO MAX,156,0,2012-09-14,2,27,30,31,37,46,47,21
LOTTO MAX,157,0,2012-09-21,7,8,10,11,19,34,45,44
LOTTO MAX,158,0,2012-09-28,5,6,32,33,39,42,47,9
LOTTO MAX,159,0,2012-10-05,1,12,23,27,30,31,37,33
LOTTO MAX,160,0,2012-10-12,5,7,12,15,35,45,47,40
LOTTO MAX,161,0,2012-10-19,1,2,3,15,22,37,41,6
LOTTO MAX,162,0,2012-10-26,3,4,20,25,30,35,48,23
LOTTO MAX,163,0,2012-11-02,1,2,5,26,29,36,47,13
LOTTO MAX,164,0,2012-11-09,8,9,11,22,24,42,46,13
LOTTO MAX,165,0,2012-11-16,1,5,9,19,27,35,48,30
LOTTO MAX,166,0,2012-11-23,6,8,10,17,28,29,38,34
LOTTO MAX,167,0,2012-11-30,3,10,13,23,31,41,45,33
LOTTO MAX,168,0,2012-12-07,5,11,22,29,38,42,49,33
LOTTO MAX,169,0,2012-12-14,3,6,10,33,39,48,49,18
LOTTO MAX,170,0,2012-12-21,7,8,17,18,20,40,41,33
LOTTO MAX,171,0,2012-12-28,1,9,25,28,32,41,48,12
LOTTO MAX,172,0,2013-01-04,3,6,16,23,27,28,34,22
LOTTO MAX,173,0,2013-01-11,2,25,26,37,39,48,49,40
LOTTO MAX,174,0,2013-01-18,8,16,17,28,32,34,47,19
LOTTO MAX,175,0,2013-01-25,1,18,19,29,31,32,46,36
LOTTO MAX,176,0,2013-02-01,5,9,10,32,37,44,46,38
LOTTO MAX,177,0,2013-02-08,3,8,13,30,38,45,47,10
LOTTO MAX,178,0,2013-02-15,14,23,24,25,28,41,45,37
LOTTO MAX,179,0,2013-02-22,5,12,24,31,39,45,49,35
LOTTO MAX,180,0,2013-03-01,1,2,5,6,38,39,46,33
LOTTO MAX,181,0,2013-03-08,9,15,17,28,35,39,41,36
LOTTO MAX,182,0,2013-03-15,9,16,17,19,22,41,43,12
LOTTO MAX,183,0,2013-03-22,7,12,16,19,21,24,47,34
LOTTO MAX,184,0,2013-03-29,8,11,12,13,22,33,47,7
LOTTO MAX,185,0,2013-04-05,2,14,15,17,24,38,40,31
LOTTO MAX,186,0,2013-04-12,3,6,37,40,42,44,48,18
LOTTO MAX,187,0,2013-04-19,2,3,8,20,28,31,34,42
LOTTO MAX,188,0,2013-04-26,10,13,15,18,25,36,47,40
LOTTO MAX,189,0,2013-05-03,4,6,21,26,30,34,35,39
LOTTO MAX,190,0,2013-05-10,3,10,19,21,27,35,36,49
LOTTO MAX,191,0,2013-05-17,8,18,21,27,33,46,49,26
LOTTO MAX,192,0,2013-05-24,9,19,21,24,39,43,48,6
LOTTO MAX,193,0,2013-05-31,5,7,10,15,22,45,47,23
LOTTO MAX,194,0,2013-06-07,5,19,24,34,35,38,43,8
LOTTO MAX,195,0,2013-06-14,2,12,15,18,21,22,25,5
LOTTO MAX,196,0,2013-06-21,2,9,12,13,27,28,36,20
LOTTO MAX,197,0,2013-06-28,2,7,15,38,43,44,47,1
LOTTO MAX,198,0,2013-07-05,5,12,15,39,44,46,49,18
LOTTO MAX,199,0,2013-07-12,14,16,17,36,45,46,48,7
LOTTO MAX,200,0,2013-07-19,3,17,19,20,34,35,43,4
LOTTO MAX,201,0,2013-07-26,5,9,12,18,24,35,42,17
LOTTO MAX,202,0,2013-08-02,2,9,23,29,30,34,43,40
LOTTO MAX,203,0,2013-08-09,6,15,19,26,43,44,49,30
LOTTO MAX,204,0,2013-08-16,2,6,20,22,30,34,49,45
LOTTO MAX,205,0,2013-08-23,5,6,10,17,22,36,48,3
LOTTO MAX,206,0,2013-08-30,6,19,20,25,31,35,36,45
LOTTO MAX,207,0,2013-09-06,1,7,23,36,37,39,41,33
LOTTO MAX,208,0,2013-09-13,2,6,12,15,16,22,49,46
LOTTO MAX,209,0,2013-09-20,2,14,15,24,40,43,44,45
LOTTO MAX,210,0,2013-09-27,10,11,18,24,26,42,47,45
LOTTO MAX,211,0,2013-10-04,12,16,19,20,28,34,42,9
LOTTO MAX,212,0,2013-10-11,7,8,9,16,21,28,48,29
LOTTO MAX,213,0,2013-10-18,10,26,28,33,34,35,40,12
LOTTO MAX,214,0,2013-10-25,13,16,24,29,33,40,49,28
LOTTO MAX,215,0,2013-11-01,11,12,16,22,30,32,49,35
LOTTO MAX,216,0,2013-11-08,7,8,10,15,24,26,41,12
LOTTO MAX,217,0,2013-11-15,1,3,10,15,25,28,31,7
LOTTO MAX,218,0,2013-11-22,2,24,35,38,39,41,48,20
LOTTO MAX,219,0,2013-11-29,3,6,19,31,34,42,45,30
LOTTO MAX,220,0,2013-12-06,3,4,11,18,37,42,44,47
LOTTO MAX,221,0,2013-12-13,6,16,24,32,36,45,47,25
LOTTO MAX,222,0,2013-12-20,2,13,18,24,27,37,43,14
LOTTO MAX,223,0,2013-12-27,1,6,9,11,17,37,39,32
LOTTO MAX,224,0,2014-01-03,7,16,31,35,39,44,48,42
LOTTO MAX,225,0,2014-01-10,12,28,31,38,40,41,45,15
LOTTO MAX,226,0,2014-01-17,4,9,18,32,35,38,40,12
LOTTO MAX,227,0,2014-01-24,7,10,15,23,30,36,44,45
LOTTO MAX,228,0,2014-01-31,6,10,16,27,38,40,45,39
LOTTO MAX,229,0,2014-02-07,13,19,37,38,40,43,48,46
LOTTO MAX,230,0,2014-02-14,6,8,11,16,17,19,24,29
LOTTO MAX,231,0,2014-02-21,1,10,16,23,29,35,39,46
LOTTO MAX,232,0,2014-02-28,4,7,20,22,26,28,29,47
LOTTO MAX,233,0,2014-03-07,1,6,7,16,22,31,33,25
LOTTO MAX,234,0,2014-03-14,3,4,5,7,31,33,40,49
LOTTO MAX,235,0,2014-03-21,1,2,4,21,23,35,40,5
LOTTO MAX,236,0,2014-03-28,8,15,16,21,31,37,39,20
LOTTO MAX,237,0,2014-04-04,19,30,33,34,36,41,48,11
LOTTO MAX,238,0,2014-04-11,1,3,14,33,35,39,45,28
LOTTO MAX,239,0,2014-04-18,9,16,24,30,39,40,45,14
LOTTO MAX,240,0,2014-04-25,3,9,24,25,28,36,40,48
LOTTO MAX,241,0,2014-05-02,6,15,18,19,25,44,46,28
LOTTO MAX,242,0,2014-05-09,5,7,29,35,39,41,49,14
LOTTO MAX,243,0,2014-05-16,12,13,16,30,32,35,37,7
LOTTO MAX,244,0,2014-05-23,3,11,16,24,31,39,43,2
LOTTO MAX,245,0,2014-05-30,2,5,10,11,23,25,31,46
LOTTO MAX,246,0,2014-06-06,3,5,17,30,36,47,49,31
LOTTO MAX,247,0,2014-06-13,12,16,24,29,36,40,47,44
LOTTO MAX,248,0,2014-06-20,12,17,32,36,43,44,49,4
LOTTO MAX,249,0,2014-06-27,4,6,7,16,18,40,46,34
LOTTO MAX,250,0,2014-07-04,5,10,11,20,26,38,46,44
LOTTO MAX,251,0,2014-07-11,1,6,10,16,18,21,31,5
LOTTO MAX,252,0,2014-07-18,1,3,16,33,34,40,42,2
LOTTO MAX,253,0,2014-07-25,7,9,24,30,35,42,43,36
LOTTO MAX,254,0,2014-08-01,1,2,5,10,11,25,34,36
LOTTO MAX,255,0,2014-08-08,6,9,16,19,20,24,30,31
LOTTO MAX,256,0,2014-08-15,9,16,17,27,32,38,47,37
LOTTO MAX,257,0,2014-08-22,13,16,22,26,35,36,39,44
LOTTO MAX,258,0,2014-08-29,1,23,26,33,35,38,42,18
LOTTO MAX,259,0,2014-09-05,3,8,11,20,28,36,38,26
LOTTO MAX,260,0,2014-09-12,5,6,8,13,24,37,46,30
LOTTO MAX,261,0,2014-09-19,4,7,8,10,16,20,36,27
LOTTO MAX,262,0,2014-09-26,2,3,5,18,37,38,46,33
LOTTO MAX,263,0,2014-10-03,7,15,24,25,27,43,47,22
LOTTO MAX,264,0,2014-10-10,5,13,18,28,31,38,44,46
LOTTO MAX,265,0,2014-10-17,18,19,32,36,38,40,43,1
LOTTO MAX,266,0,2014-10-24,8,27,30,32,34,35,42,17
LOTTO MAX,267,0,2014-10-31,3,12,25,30,42,44,45,26
LOTTO MAX,268,0,2014-11-07,1,3,6,8,14,20,30,28
LOTTO MAX,269,0,2014-11-14,2,5,7,13,15,30,38,27
LOTTO MAX,270,0,2014-11-21,6,18,19,26,37,39,47,21
LOTTO MAX,271,0,2014-11-28,3,4,7,12,17,26,34,1
LOTTO MAX,272,0,2014-12-05,10,14,15,16,42,45,48,49
LOTTO MAX,273,0,2014-12-12,2,14,30,34,38,47,48,16
LOTTO MAX,274,0,2014-12-19,3,6,13,17,22,25,43,47
LOTTO MAX,275,0,2014-12-26,15,20,29,39,40,43,46,12
LOTTO MAX,276,0,2015-01-02,8,9,14,19,28,31,46,48
LOTTO MAX,277,0,2015-01-09,3,7,12,18,31,33,35,26
LOTTO MAX,278,0,2015-01-16,6,29,30,31,36,42,45,32
LOTTO MAX,279,0,2015-01-23,1,14,15,18,26,42,48,39
LOTTO MAX,280,0,2015-01-30,10,15,21,28,32,36,37,9
LOTTO MAX,281,0,2015-02-06,1,5,7,13,14,33,46,47
LOTTO MAX,282,0,2015-02-13,6,9,18,22,25,32,44,46
LOTTO MAX,283,0,2015-02-20,26,34,38,41,46,48,49,10
LOTTO MAX,284,0,2015-02-27,4,12,16,27,37,39,44,32
LOTTO MAX,285,0,2015-03-06,2,8,9,10,24,26,41,37
LOTTO MAX,286,0,2015-03-13,2,8,10,15,17,20,24,14
LOTTO MAX,287,0,2015-03-20,7,10,16,35,36,42,45,24
LOTTO MAX,288,0,2015-03-27,3,7,15,23,29,31,45,46
LOTTO MAX,289,0,2015-04-03,10,11,23,28,32,34,41,29
LOTTO MAX,290,0,2015-04-10,7,8,16,18,24,25,46,37
LOTTO MAX,291,0,2015-04-17,7,11,14,15,19,30,41,22
LOTTO MAX,292,0,2015-04-24,3,37,38,40,42,43,46,12
LOTTO MAX,293,0,2015-05-01,6,18,20,37,40,44,46,49
LOTTO MAX,294,0,2015-05-08,1,7,17,27,32,44,48,18
LOTTO MAX,295,0,2015-05-15,16,23,24,25,40,46,47,17
LOTTO MAX,296,0,2015-05-22,1,4,21,24,29,30,46,25
LOTTO MAX,297,0,2015-05-29,1,30,38,39,44,45,47,43
LOTTO MAX,298,0,2015-06-05,2,10,13,16,30,33,48,44
LOTTO MAX,299,0,2015-06-12,4,7,11,19,34,38,48,45
LOTTO MAX,300,0,2015-06-19,7,14,15,16,21,30,41,17
LOTTO MAX,301,0,2015-06-26,2,4,16,23,30,32,46,38
LOTTO MAX,302,0,2015-07-03,1,6,30,40,46,47,49,37
LOTTO MAX,303,0,2015-07-10,12,14,23,25,31,38,40,36
LOTTO MAX,304,0,2015-07-17,23,24,29,36,42,43,49,38
LOTTO MAX,305,0,2015-07-24,2,4,11,19,28,29,38,42
LOTTO MAX,306,0,2015-07-31,2,5,27,32,35,42,46,48
LOTTO MAX,307,0,2015-08-07,5,13,20,37,39,40,41,28
LOTTO MAX,308,0,2015-08-14,1,15,17,25,34,40,41,38
LOTTO MAX,309,0,2015-08-21,3,13,15,22,33,41,49,11
LOTTO MAX,310,0,2015-08-28,2,4,5,17,29,39,41,48
LOTTO MAX,311,0,2015-09-04,7,8,15,19,36,37,41,43
LOTTO MAX,312,0,2015-09-11,21,22,27,30,39,42,44,8
LOTTO MAX,313,0,2015-09-18,13,16,17,21,35,40,46,18
LOTTO MAX,314,0,2015-09-25,1,7,15,18,21,30,45,22
LOTTO MAX,315,0,2015-10-02,10,12,24,26,34,43,47,38
LOTTO MAX,316,0,2015-10-09,8,11,14,23,26,42,47,1
LOTTO MAX,317,0,2015-10-16,9,14,19,21,31,32,40,16
LOTTO MAX,318,0,2015-10-23,2,7,12,28,29,38,48,27
LOTTO MAX,319,0,2015-10-30,2,11,19,38,43,45,49,9
LOTTO MAX,320,0,2015-11-06,1,10,12,20,29,35,47,4
LOTTO MAX,321,0,2015-11-13,7,11,19,38,40,41,42,49
LOTTO MAX,322,0,2015-11-20,12,21,28,34,36,45,48,26
LOTTO MAX,323,0,2015-11-27,4,8,9,20,23,45,46,31
LOTTO MAX,324,0,2015-12-04,8,15,24,25,27,36,43,32
LOTTO MAX,325,0,2015-12-11,7,12,28,34,45,46,48,49
LOTTO MAX,326,0,2015-12-18,6,20,28,29,30,31,46,45
LOTTO MAX,327,0,2015-12-25,5,8,9,12,22,39,45,38
LOTTO MAX,328,0,2016-01-01,6,10,13,14,25,41,46,8
LOTTO MAX,329,0,2016-01-08,13,15,21,24,25,36,48,10
LOTTO MAX,330,0,2016-01-15,7,26,27,31,32,33,42,45
LOTTO MAX,331,0,2016-01-22,20,21,22,34,42,43,45,1
LOTTO MAX,332,0,2016-01-29,5,11,14,17,28,41,47,46
LOTTO MAX,333,0,2016-02-05,6,7,8,9,17,23,30,18
LOTTO MAX,334,0,2016-02-12,19,20,26,31,34,39,48,18
LOTTO MAX,335,0,2016-02-19,2,11,20,22,33,40,43,4
LOTTO MAX,336,0,2016-02-26,6,9,22,23,36,38,47,12
LOTTO MAX,337,0,2016-03-04,4,14,24,41,42,44,48,26
LOTTO MAX,338,0,2016-03-11,9,17,27,30,31,34,42,21
LOTTO MAX,339,0,2016-03-18,6,8,15,24,26,39,44,40
LOTTO MAX,340,0,2016-03-25,1,6,15,32,42,45,46,44
LOTTO MAX,341,0,2016-04-01,5,6,27,28,31,41,45,12
LOTTO MAX,342,0,2016-04-08,9,12,13,14,28,39,41,38
LOTTO MAX,343,0,2016-04-15,1,9,17,19,25,27,38,44
LOTTO MAX,344,0,2016-04-22,13,16,20,35,37,43,49,6
LOTTO MAX,345,0,2016-04-29,11,21,22,24,26,36,43,10
LOTTO MAX,346,0,2016-05-06,1,8,10,24,26,37,45,47
LOTTO MAX,347,0,2016-05-13,3,6,8,17,21,28,34,2
LOTTO MAX,348,0,2016-05-20,16,17,19,22,31,47,49,1
LOTTO MAX,349,0,2016-05-27,1,14,16,20,26,32,34,18
LOTTO MAX,350,0,2016-06-03,12,21,28,37,40,43,47,11
LOTTO MAX,351,0,2016-06-10,5,11,15,26,27,33,39,46
LOTTO MAX,352,0,2016-06-17,1,16,20,29,33,44,46,15
LOTTO MAX,353,0,2016-06-24,2,17,22,24,26,42,48,6
LOTTO MAX,354,0,2016-07-01,10,12,14,28,36,39,45,26
LOTTO MAX,355,0,2016-07-08,1,8,16,25,30,42,48,28
LOTTO MAX,356,0,2016-07-15,19,30,31,36,40,44,49,6
LOTTO MAX,357,0,2016-07-22,9,26,28,32,37,40,45,46
LOTTO MAX,358,0,2016-07-29,11,15,25,26,39,47,49,30
LOTTO MAX,359,0,2016-08-05,4,6,10,20,40,46,47,39
LOTTO MAX,360,0,2016-08-12,5,7,15,18,19,27,28,25
LOTTO MAX,361,0,2016-08-19,19,22,25,32,37,45,47,40
LOTTO MAX,362,0,2016-08-26,3,10,17,19,26,27,42,46
LOTTO MAX,363,0,2016-09-02,1,12,15,22,25,45,48,16
LOTTO MAX,364,0,2016-09-09,4,10,11,27,29,32,41,42
LOTTO MAX,365,0,2016-09-16,7,12,14,15,27,34,44,6
LOTTO MAX,366,0,2016-09-23,3,13,24,36,39,44,45,19
LOTTO MAX,367,0,2016-09-30,4,12,17,21,32,38,42,46
LOTTO MAX,368,0,2016-10-07,8,9,12,24,29,36,37,17
LOTTO MAX,369,0,2016-10-14,14,18,22,25,36,39,44,34
LOTTO MAX,370,0,2016-10-21,33,34,36,42,44,45,47,14
LOTTO MAX,371,0,2016-10-28,3,5,19,29,33,34,44,41
LOTTO MAX,372,0,2016-11-04,4,23,29,36,39,44,46,24
LOTTO MAX,373,0,2016-11-11,8,14,18,20,24,39,46,23
LOTTO MAX,374,0,2016-11-18,7,10,21,24,38,40,49,3
LOTTO MAX,375,0,2016-11-25,2,11,20,22,31,35,47,39
LOTTO MAX,376,0,2016-12-02,5,8,20,21,29,40,47,7
LOTTO MAX,377,0,2016-12-09,11,17,24,26,34,35,39,16
LOTTO MAX,378,0,2016-12-16,2,9,27,32,38,39,43,45
LOTTO MAX,379,0,2016-12-23,1,5,11,26,28,30,41,49
LOTTO MAX,380,0,2016-12-30,5,10,14,19,31,33,47,27
LOTTO MAX,381,0,2017-01-06,10,13,18,19,38,47,48,42
LOTTO MAX,382,0,2017-01-13,2,8,24,30,31,38,40,42
LOTTO MAX,383,0,2017-01-20,4,10,21,28,29,37,45,20
LOTTO MAX,384,0,2017-01-27,1,3,8,22,29,38,47,11
LOTTO MAX,385,0,2017-02-03,8,19,24,28,34,42,48,17
LOTTO MAX,386,0,2017-02-10,11,16,19,22,24,38,41,48
LOTTO MAX,387,0,2017-02-17,5,9,14,24,33,37,46,38
LOTTO MAX,388,0,2017-02-24,1,17,19,23,28,29,47,10
LOTTO MAX,389,0,2017-03-03,3,7,20,25,29,31,44,27
LOTTO MAX,390,0,2017-03-10,1,11,15,20,36,41,47,33
LOTTO MAX,391,0,2017-03-17,2,5,6,7,8,33,45,15
LOTTO MAX,392,0,2017-03-24,16,19,21,32,37,39,45,26
LOTTO MAX,393,0,2017-03-31,1,2,12,15,22,25,41,34
LOTTO MAX,394,0,2017-04-07,8,12,14,34,37,44,48,45
LOTTO MAX,395,0,2017-04-14,23,25,29,30,42,44,45,20
LOTTO MAX,396,0,2017-04-21,3,4,13,16,35,47,49,37
LOTTO MAX,397,0,2017-04-28,10,14,22,36,38,44,45,11
LOTTO MAX,398,0,2017-05-05,11,14,20,22,26,35,43,33
LOTTO MAX,399,0,2017-05-12,11,25,26,28,38,44,45,20
LOTTO MAX,400,0,2017-05-19,8,11,18,25,34,35,38,44
LOTTO MAX,401,0,2017-05-26,14,16,18,21,38,44,49,15
LOTTO MAX,402,0,2017-06-02,11,12,25,28,33,41,43,36
LOTTO MAX,403,0,2017-06-09,7,11,20,21,22,37,47,38
LOTTO MAX,404,0,2017-06-16,1,5,20,33,34,41,42,15
LOTTO MAX,405,0,2017-06-23,2,3,6,22,24,42,46,27
LOTTO MAX,406,0,2017-06-30,7,24,26,36,37,43,44,3
LOTTO MAX,407,0,2017-07-07,4,8,13,16,26,33,38,10
LOTTO MAX,408,0,2017-07-14,2,4,11,17,26,41,42,44
LOTTO MAX,409,0,2017-07-21,2,11,12,25,33,39,44,8
LOTTO MAX,410,0,2017-07-28,9,12,16,24,33,45,47,14
LOTTO MAX,411,0,2017-08-04,1,4,11,17,27,36,37,47
LOTTO MAX,412,0,2017-08-11,13,14,19,26,27,36,37,18
LOTTO MAX,413,0,2017-08-18,2,9,13,16,25,26,45,19
LOTTO MAX,414,0,2017-08-25,18,19,23,34,39,43,46,1
LOTTO MAX,415,0,2017-09-01,1,7,18,28,31,39,48,35
LOTTO MAX,416,0,2017-09-08,1,2,15,16,22,29,41,27
LOTTO MAX,417,0,2017-09-15,15,20,24,30,39,44,46,22
LOTTO MAX,418,0,2017-09-22,2,10,37,38,39,43,47,28
LOTTO MAX,419,0,2017-09-29,1,6,14,23,38,40,47,25
LOTTO MAX,420,0,2017-10-06,10,17,25,27,29,34,38,48
LOTTO MAX,421,0,2017-10-13,8,14,16,17,18,34,41,43
LOTTO MAX,422,0,2017-10-20,1,4,12,27,35,38,46,8
LOTTO MAX,423,0,2017-10-27,1,14,15,16,24,39,49,5
LOTTO MAX,424,0,2017-11-03,16,17,18,20,40,42,43,15
LOTTO MAX,425,0,2017-11-10,5,12,18,26,29,31,37,40
LOTTO MAX,426,0,2017-11-17,3,15,22,23,33,47,49,6
LOTTO MAX,427,0,2017-11-24,5,11,20,22,35,38,46,45
LOTTO MAX,428,0,2017-12-01,26,28,33,38,42,43,47,16
LOTTO MAX,429,0,2017-12-08,1,17,31,33,39,46,49,42
LOTTO MAX,430,0,2017-12-15,8,14,17,27,28,30,48,37
LOTTO MAX,431,0,2017-12-22,13,16,19,21,24,26,30,36
LOTTO MAX,432,0,2017-12-29,22,23,26,35,37,39,47,14
LOTTO MAX,433,0,2018-01-05,1,3,13,15,28,36,49,14
LOTTO MAX,434,0,2018-01-12,1,8,16,19,26,34,41,10
LOTTO MAX,435,0,2018-01-19,9,18,25,30,39,40,43,5
LOTTO MAX,436,0,2018-01-26,7,8,13,19,23,32,40,9
LOTTO MAX,437,0,2018-02-02,3,8,9,24,28,31,44,32
LOTTO MAX,438,0,2018-02-09,6,19,24,25,36,37,39,17
LOTTO MAX,439,0,2018-02-16,5,14,22,23,35,40,49,43
LOTTO MAX,440,0,2018-02-23,13,17,24,32,33,44,45,48
LOTTO MAX,441,0,2018-03-02,7,25,26,28,32,36,37,2
LOTTO MAX,442,0,2018-03-09,13,18,20,26,32,35,47,12
LOTTO MAX,443,0,2018-03-16,13,24,29,31,35,36,42,37
LOTTO MAX,444,0,2018-03-23,7,12,15,23,35,43,49,19
LOTTO MAX,445,0,2018-03-30,1,12,18,19,21,24,41,15
LOTTO MAX,446,0,2018-04-06,7,18,29,30,41,45,46,40
LOTTO MAX,447,0,2018-04-13,1,8,9,22,29,30,32,17
LOTTO MAX,448,0,2018-04-20,6,14,16,22,30,42,45,35
LOTTO MAX,449,0,2018-04-27,8,9,11,17,37,39,41,19
LOTTO MAX,450,0,2018-05-04,1,11,15,16,20,29,39,32
LOTTO MAX,451,0,2018-05-11,11,22,28,33,39,43,47,23
LOTTO MAX,452,0,2018-05-18,4,13,23,30,31,37,43,32
LOTTO MAX,453,0,2018-05-25,7,10,13,19,24,31,41,1
LOTTO MAX,454,0,2018-06-01,2,11,17,18,22,25,39,3
LOTTO MAX,455,0,2018-06-08,12,25,27,29,34,44,45,7
LOTTO MAX,456,0,2018-06-15,18,23,28,37,44,45,47,9
LOTTO MAX,457,0,2018-06-22,3,10,16,28,31,38,47,20
LOTTO MAX,458,0,2018-06-29,3,5,17,23,28,43,46,29
LOTTO MAX,459,0,2018-07-06,1,11,20,32,41,42,44,47
LOTTO MAX,460,0,2018-07-13,1,4,5,22,25,32,34,27
LOTTO MAX,461,0,2018-07-20,6,8,12,19,20,25,49,18
LOTTO MAX,462,0,2018-07-27,8,11,14,17,26,30,36,48
LOTTO MAX,463,0,2018-08-03,9,11,23,33,35,36,42,6
LOTTO MAX,464,0,2018-08-10,2,9,18,33,36,40,49,38
LOTTO MAX,465,0,2018-08-17,12,17,22,27,28,29,35,43
LOTTO MAX,466,0,2018-08-24,3,5,7,11,13,20,29,30
LOTTO MAX,467,0,2018-08-31,2,4,18,19,20,39,44,11
LOTTO MAX,468,0,2018-09-07,3,12,21,34,37,38,41,22
LOTTO MAX,469,0,2018-09-14,1,3,5,10,16,27,43,14
LOTTO MAX,470,0,2018-09-21,3,9,15,16,19,45,48,42
LOTTO MAX,471,0,2018-09-28,25,28,31,36,42,44,49,37
LOTTO MAX,472,0,2018-10-05,8,9,12,20,22,27,30,28
LOTTO MAX,473,0,2018-10-12,18,31,38,45,46,47,48,16
LOTTO MAX,474,0,2018-10-19,10,15,16,17,19,27,38,9
LOTTO MAX,475,0,2018-10-26,2,3,4,8,9,20,30,45
LOTTO MAX,476,0,2018-11-02,9,10,16,23,24,39,49,7
LOTTO MAX,477,0,2018-11-09,2,12,31,34,39,48,49,1
LOTTO MAX,478,0,2018-11-16,11,17,24,34,41,42,48,21
LOTTO MAX,479,0,2018-11-23,1,7,13,14,22,42,48,47
LOTTO MAX,480,0,2018-11-30,5,8,15,20,25,26,47,22
LOTTO MAX,481,0,2018-12-07,2,9,15,23,26,30,41,13
LOTTO MAX,482,0,2018-12-14,6,7,11,21,23,27,41,49
LOTTO MAX,483,0,2018-12-21,7,21,23,25,31,34,45,37
LOTTO MAX,484,0,2018-12-28,5,13,14,16,17,29,49,18
LOTTO MAX,485,0,2019-01-04,7,22,25,26,35,41,45,3
LOTTO MAX,486,0,2019-01-11,8,15,21,28,29,30,39,23
LOTTO MAX,487,0,2019-01-18,3,19,22,30,32,37,40,20
LOTTO MAX,488,0,2019-01-25,6,12,20,24,40,42,47,44
LOTTO MAX,489,0,2019-02-01,2,6,13,19,21,32,40,12
LOTTO MAX,490,0,2019-02-08,18,23,31,32,36,38,43,27
LOTTO MAX,491,0,2019-02-15,1,2,32,37,38,39,45,16
LOTTO MAX,492,0,2019-02-22,6,31,33,34,43,44,46,22
LOTTO MAX,493,0,2019-03-01,2,23,24,29,40,48,49,18
LOTTO MAX,494,0,2019-03-08,2,9,16,17,21,22,32,38
LOTTO MAX,495,0,2019-03-15,6,11,25,31,36,41,49,47
LOTTO MAX,496,0,2019-03-22,1,3,20,21,27,28,44,43
LOTTO MAX,497,0,2019-03-29,10,12,19,22,25,32,42,39
LOTTO MAX,498,0,2019-04-05,1,2,16,21,23,25,28,48
LOTTO MAX,499,0,2019-04-12,2,20,21,30,31,39,45,18
LOTTO MAX,500,0,2019-04-19,2,16,21,33,39,42,47,1
LOTTO MAX,501,0,2019-04-26,9,17,21,23,36,41,48,12
LOTTO MAX,502,0,2019-05-03,2,3,5,12,21,22,37,19
LOTTO MAX,503,0,2019-05-10,16,17,31,34,36,39,41,10
LOTTO MAX,504,0,2019-05-14,9,24,27,33,40,44,48,41
LOTTO MAX,505,0,2019-05-17,4,21,23,39,40,42,50,17
LOTTO MAX,506,0,2019-05-21,2,3,8,18,31,39,50,33
LOTTO MAX,507,0,2019-05-24,9,11,15,19,20,35,41,28
LOTTO MAX,508,0,2019-05-28,4,9,10,26,27,29,37,14
LOTTO MAX,509,0,2019-05-31,6,29,34,39,42,47,50,22
LOTTO MAX,510,0,2019-06-04,7,19,22,28,34,41,42,12
LOTTO MAX,511,0,2019-06-07,4,8,13,23,25,33,39,17
LOTTO MAX,512,0,2019-06-11,18,23,28,32,34,44,50,29
LOTTO MAX,513,0,2019-06-14,4,11,20,22,37,44,49,13
LOTTO MAX,514,0,2019-06-18,1,6,13,15,38,42,49,48
LOTTO MAX,515,0,2019-06-21,11,16,17,20,42,44,50,31
LOTTO MAX,516,0,2019-06-25,2,14,15,23,27,44,45,8
LOTTO MAX,517,0,2019-06-28,7,11,36,37,38,43,46,26
LOTTO MAX,518,0,2019-07-02,6,14,26,31,34,36,45,25
LOTTO MAX,519,0,2019-07-05,1,4,8,28,32,36,43,40
LOTTO MAX,520,0,2019-07-09,10,13,31,32,36,40,41,17
LOTTO MAX,521,0,2019-07-12,3,13,19,25,28,30,37,1
LOTTO MAX,522,0,2019-07-16,11,14,17,21,23,26,36,19
LOTTO MAX,523,0,2019-07-19,1,15,21,29,30,31,33,5
LOTTO MAX,524,0,2019-07-23,4,8,11,16,28,29,44,43
LOTTO MAX,525,0,2019-07-26,11,15,17,20,24,25,50,30
LOTTO MAX,526,0,2019-07-30,4,6,10,15,24,40,43,3
LOTTO MAX,527,0,2019-08-02,11,20,23,24,26,41,44,38
LOTTO MAX,528,0,2019-08-06,19,22,28,30,36,38,39,25
LOTTO MAX,529,0,2019-08-09,10,25,31,34,36,39,45,9
LOTTO MAX,530,0,2019-08-13,1,5,38,39,42,47,49,15
LOTTO MAX,531,0,2019-08-16,22,24,25,26,29,32,46,20
LOTTO MAX,532,0,2019-08-20,9,17,23,37,44,46,48,4
LOTTO MAX,533,0,2019-08-23,5,6,8,15,22,46,47,31
LOTTO MAX,534,0,2019-08-27,5,7,19,28,32,35,44,46
LOTTO MAX,535,0,2019-08-30,5,9,33,36,39,41,44,27
LOTTO MAX,536,0,2019-09-03,6,8,11,13,28,42,48,27
LOTTO MAX,537,0,2019-09-06,4,5,24,25,43,44,50,41
LOTTO MAX,538,0,2019-09-10,1,15,16,20,27,38,50,9
LOTTO MAX,539,0,2019-09-13,4,16,21,32,44,45,50,26
LOTTO MAX,540,0,2019-09-17,2,4,17,39,40,43,46,44
LOTTO MAX,541,0,2019-09-20,9,15,26,36,39,41,47,37
LOTTO MAX,542,0,2019-09-24,3,22,26,32,38,42,43,8
LOTTO MAX,543,0,2019-09-27,3,9,25,26,28,34,38,36
LOTTO MAX,544,0,2019-10-01,1,15,19,31,40,41,43,49
LOTTO MAX,545,0,2019-10-04,20,31,35,36,39,42,44,23
LOTTO MAX,546,0,2019-10-08,18,24,31,38,44,46,50,40
LOTTO MAX,547,0,2019-10-11,1,3,11,13,19,22,46,31
LOTTO MAX,548,0,2019-10-15,17,18,22,27,29,31,34,8
LOTTO MAX,549,0,2019-10-18,3,21,29,37,40,43,44,38
LOTTO MAX,550,0,2019-10-22,1,4,6,9,25,31,43,10
LOTTO MAX,551,0,2019-10-25,6,11,16,18,23,26,40,45
LOTTO MAX,552,0,2019-10-29,10,17,18,22,23,25,34,37
LOTTO MAX,553,0,2019-11-01,10,20,24,25,32,39,46,15
LOTTO MAX,554,0,2019-11-05,5,7,15,18,35,37,45,47
LOTTO MAX,555,0,2019-11-08,3,5,10,18,26,33,46,49
LOTTO MAX,556,0,2019-11-12,1,14,16,22,32,39,45,31
LOTTO MAX,557,0,2019-11-15,15,16,33,36,38,43,49,4
LOTTO MAX,558,0,2019-11-19,5,13,23,25,27,32,44,3
LOTTO MAX,559,0,2019-11-22,5,9,23,29,30,31,37,34
LOTTO MAX,560,0,2019-11-26,13,14,18,22,42,44,47,12
LOTTO MAX,561,0,2019-11-29,3,8,14,15,24,33,48,4
LOTTO MAX,562,0,2019-12-03,2,10,20,30,32,35,50,21
LOTTO MAX,563,0,2019-12-06,9,11,17,19,35,36,43,28
LOTTO MAX,564,0,2019-12-10,7,11,19,30,42,43,50,44
LOTTO MAX,565,0,2019-12-13,2,12,14,15,26,34,39,48
LOTTO MAX,566,0,2019-12-17,19,20,23,29,35,40,47,31
LOTTO MAX,567,0,2019-12-20,14,23,28,29,30,33,48,9
LOTTO MAX,568,0,2019-12-24,1,6,12,13,19,23,38,37
LOTTO MAX,569,0,2019-12-27,13,27,34,36,38,45,50,18
LOTTO MAX,570,0,2019-12-31,3,4,11,19,30,39,40,25
LOTTO MAX,571,0,2020-01-03,8,18,20,24,31,37,39,34
LOTTO MAX,572,0,2020-01-07,3,8,12,14,17,18,29,11
LOTTO MAX,573,0,2020-01-10,10,13,14,24,28,47,48,12
LOTTO MAX,574,0,2020-01-14,5,16,19,23,30,37,48,44
LOTTO MAX,575,0,2020-01-17,5,6,36,39,40,46,48,34
LOTTO MAX,576,0,2020-01-21,7,11,16,21,31,36,44,46
LOTTO MAX,577,0,2020-01-24,2,11,14,21,23,34,36,5
LOTTO MAX,578,0,2020-01-28,4,10,12,27,30,44,46,7
LOTTO MAX,579,0,2020-01-31,2,27,30,39,44,45,49,17
LOTTO MAX,580,0,2020-02-04,3,12,18,25,43,46,50,33
LOTTO MAX,581,0,2020-02-07,21,24,26,31,36,48,49,39
LOTTO MAX,582,0,2020-02-11,14,15,19,22,31,36,39,23
LOTTO MAX,583,0,2020-02-14,14,17,20,34,38,45,49,5
LOTTO MAX,584,0,2020-02-18,3,6,19,23,33,40,45,48
LOTTO MAX,585,0,2020-02-21,4,7,14,37,48,49,50,28
LOTTO MAX,586,0,2020-02-25,15,32,36,40,41,43,48,10
LOTTO MAX,587,0,2020-02-28,21,27,30,32,33,36,46,38
LOTTO MAX,588,0,2020-03-03,10,14,15,25,27,39,48,28
LOTTO MAX,589,0,2020-03-06,2,9,10,35,41,42,47,40
LOTTO MAX,590,0,2020-03-10,5,6,27,37,38,46,48,9
LOTTO MAX,591,0,2020-03-13,7,14,15,35,36,49,50,11
LOTTO MAX,592,0,2020-03-17,4,5,8,15,27,41,48,37
LOTTO MAX,593,0,2020-03-20,9,16,17,18,21,22,27,31
LOTTO MAX,594,0,2020-03-24,2,11,16,18,19,20,25,5
LOTTO MAX,595,0,2020-03-27,3,4,13,14,30,36,41,21
LOTTO MAX,596,0,2020-03-31,5,7,22,29,32,37,39,3
LOTTO MAX,597,0,2020-04-03,5,9,10,25,27,29,38,31
LOTTO MAX,598,0,2020-04-07,5,20,21,22,32,37,41,18
LOTTO MAX,599,0,2020-04-10,3,9,10,14,15,19,20,25
LOTTO MAX,600,0,2020-04-14,3,6,9,22,29,38,39,18
LOTTO MAX,601,0,2020-04-17,2,15,21,29,40,47,50,35
LOTTO MAX,602,0,2020-04-21,9,10,13,21,40,41,43,4
LOTTO MAX,603,0,2020-04-24,8,9,19,26,27,31,46,48
LOTTO MAX,604,0,2020-04-28,9,18,23,36,39,43,48,46
LOTTO MAX,605,0,2020-05-01,3,12,25,36,37,42,49,9
LOTTO MAX,606,0,2020-05-05,25,28,32,41,42,44,45,18
LOTTO MAX,607,0,2020-05-08,3,4,10,11,26,28,40,31
LOTTO MAX,608,0,2020-05-12,11,19,22,26,33,46,48,1
LOTTO MAX,609,0,2020-05-15,7,30,32,40,47,48,50,16
LOTTO MAX,610,0,2020-05-19,22,23,24,25,37,40,49,19
LOTTO MAX,611,0,2020-05-22,9,11,14,21,22,24,41,10
LOTTO MAX,612,0,2020-05-26,5,27,34,37,39,41,47,20
LOTTO MAX,613,0,2020-05-29,5,12,15,23,26,38,41,45
LOTTO MAX,614,0,2020-06-02,8,14,16,17,29,41,42,47
LOTTO MAX,615,0,2020-06-05,1,8,15,16,32,39,40,31
LOTTO MAX,616,0,2020-06-09,4,16,19,32,35,36,38,28
LOTTO MAX,617,0,2020-06-12,1,16,24,28,30,31,47,25
LOTTO MAX,618,0,2020-06-16,1,3,22,30,31,37,40,6
LOTTO MAX,619,0,2020-06-19,3,12,17,22,29,31,48,8
LOTTO MAX,620,0,2020-06-23,2,3,6,13,37,42,46,19
LOTTO MAX,621,0,2020-06-26,8,14,31,36,39,46,47,20
LOTTO MAX,622,0,2020-06-30,11,12,22,33,37,48,49,41
LOTTO MAX,623,0,2020-07-03,3,4,21,33,38,44,45,32
LOTTO MAX,624,0,2020-07-07,9,20,21,22,25,26,37,3
LOTTO MAX,625,0,2020-07-10,17,18,27,38,39,40,47,24
LOTTO MAX,626,0,2020-07-14,3,9,21,35,44,47,48,23
LOTTO MAX,627,0,2020-07-17,5,11,15,18,20,24,46,37
LOTTO MAX,628,0,2020-07-21,7,22,26,35,46,47,49,19
LOTTO MAX,629,0,2020-07-24,17,20,27,29,37,39,41,10
LOTTO MAX,630,0,2020-07-28,7,10,11,24,39,43,48,23
LOTTO MAX,631,0,2020-07-31,8,16,19,22,28,31,38,25
LOTTO MAX,632,0,2020-08-04,18,24,25,30,31,33,48,27
LOTTO MAX,633,0,2020-08-07,9,21,26,28,30,37,44,31
LOTTO MAX,634,0,2020-08-11,9,17,22,33,36,45,46,41
LOTTO MAX,635,0,2020-08-14,3,22,37,39,41,43,44,20
LOTTO MAX,636,0,2020-08-18,1,2,16,32,44,46,50,6
LOTTO MAX,637,0,2020-08-21,1,2,5,11,20,30,39,27
LOTTO MAX,638,0,2020-08-25,1,21,34,38,39,40,46,24
LOTTO MAX,639,0,2020-08-28,5,8,9,28,32,48,50,40
LOTTO MAX,640,0,2020-09-01,2,9,29,30,31,35,37,19
LOTTO MAX,641,0,2020-09-04,7,18,22,26,35,41,50,11
LOTTO MAX,642,0,2020-09-08,6,12,19,27,30,32,44,18
LOTTO MAX,643,0,2020-09-11,4,15,16,17,35,46,50,13
LOTTO MAX,644,0,2020-09-15,1,5,6,24,27,28,32,38
LOTTO MAX,645,0,2020-09-18,2,11,22,25,32,40,44,27
LOTTO MAX,646,0,2020-09-22,8,9,37,38,40,43,49,28
LOTTO MAX,647,0,2020-09-25,1,7,9,28,38,48,50,13
LOTTO MAX,648,0,2020-09-29,4,6,9,15,22,24,28,44
LOTTO MAX,649,0,2020-10-02,7,12,16,26,40,45,49,20
LOTTO MAX,650,0,2020-10-06,4,5,9,19,28,34,44,8
LOTTO MAX,651,0,2020-10-09,4,6,12,30,32,33,34,29
LOTTO MAX,652,0,2020-10-13,3,10,13,19,21,45,49,12
LOTTO MAX,653,0,2020-10-16,1,4,8,10,12,17,41,19
LOTTO MAX,654,0,2020-10-20,8,27,30,44,46,47,50,32
LOTTO MAX,655,0,2020-10-23,2,8,20,21,29,34,37,41
LOTTO MAX,656,0,2020-10-27,2,9,11,29,33,39,44,15
LOTTO MAX,657,0,2020-10-30,19,20,23,31,37,46,48,50
LOTTO MAX,658,0,2020-11-03,5,7,14,21,26,34,49,31
LOTTO MAX,659,0,2020-11-06,7,9,19,20,26,32,35,49
LOTTO MAX,660,0,2020-11-10,4,6,18,27,28,30,40,13
LOTTO MAX,661,0,2020-11-13,3,4,7,19,44,48,49,8
LOTTO MAX,662,0,2020-11-17,6,18,21,30,31,34,38,1
LOTTO MAX,663,0,2020-11-20,11,17,29,33,39,40,42,48
LOTTO MAX,664,0,2020-11-24,6,8,13,27,41,46,47,39
LOTTO MAX,665,0,2020-11-27,9,15,35,41,42,45,46,43
LOTTO MAX,666,0,2020-12-01,1,4,9,15,18,24,31,43
LOTTO MAX,667,0,2020-12-04,5,7,14,23,24,46,47,11
LOTTO MAX,668,0,2020-12-08,5,13,14,21,36,37,43,40
LOTTO MAX,669,0,2020-12-11,9,21,30,33,38,39,46,48
LOTTO MAX,670,0,2020-12-15,1,4,20,33,44,45,49,47
LOTTO MAX,671,0,2020-12-18,2,9,10,22,31,35,49,30
LOTTO MAX,672,0,2020-12-22,4,29,30,37,38,43,44,15
LOTTO MAX,673,0,2020-12-25,8,12,16,30,38,48,50,14
LOTTO MAX,674,0,2020-12-29,8,12,23,25,29,43,46,13
LOTTO MAX,675,0,2021-01-01,18,21,28,29,31,32,49,38
LOTTO MAX,676,0,2021-01-05,1,16,21,24,35,37,39,45
LOTTO MAX,677,0,2021-01-08,4,21,24,25,26,27,42,8
LOTTO MAX,678,0,2021-01-12,4,12,13,15,18,30,50,34
LOTTO MAX,679,0,2021-01-15,5,23,31,35,36,37,43,13
LOTTO MAX,680,0,2021-01-19,23,31,34,38,40,45,50,41
LOTTO MAX,681,0,2021-01-22,11,21,23,25,28,41,43,10
LOTTO MAX,682,0,2021-01-26,26,37,42,44,46,49,50,24
LOTTO MAX,683,0,2021-01-29,9,11,20,22,33,36,46,49
LOTTO MAX,684,0,2021-02-02,17,24,27,34,38,42,48,19
LOTTO MAX,685,0,2021-02-05,1,2,23,32,35,36,45,28
LOTTO MAX,686,0,2021-02-09,4,12,16,17,33,36,44,2
LOTTO MAX,687,0,2021-02-12,2,5,10,11,14,23,33,47
LOTTO MAX,688,0,2021-02-16,1,6,12,21,34,37,47,20
LOTTO MAX,689,0,2021-02-19,1,5,10,18,20,40,42,47
LOTTO MAX,690,0,2021-02-23,3,13,14,20,30,45,49,35
LOTTO MAX,691,0,2021-02-26,11,17,19,22,27,31,40,38
LOTTO MAX,692,0,2021-03-02,9,29,30,36,42,46,49,47
LOTTO MAX,693,0,2021-03-05,6,9,23,25,31,36,48,30
LOTTO MAX,694,0,2021-03-09,3,7,16,22,29,31,42,15
LOTTO MAX,695,0,2021-03-12,5,12,15,23,28,38,39,46
LOTTO MAX,696,0,2021-03-16,8,15,25,27,33,39,44,20
LOTTO MAX,697,0,2021-03-19,2,7,8,26,30,43,48,25
LOTTO MAX,698,0,2021-03-23,5,6,12,28,29,36,46,40
LOTTO MAX,699,0,2021-03-26,2,4,16,24,25,27,49,29
LOTTO MAX,700,0,2021-03-30,12,22,25,30,37,38,45,2
LOTTO MAX,701,0,2021-04-02,30,32,33,34,37,45,49,25
LOTTO MAX,702,0,2021-04-06,2,14,24,25,35,44,45,11
LOTTO MAX,703,0,2021-04-09,1,19,28,29,31,33,43,17
LOTTO MAX,704,0,2021-04-13,15,16,18,19,22,44,47,28
LOTTO MAX,705,0,2021-04-16,1,13,19,27,42,49,50,32
LOTTO MAX,706,0,2021-04-20,7,10,11,19,22,30,37,18
LOTTO MAX,707,0,2021-04-23,1,3,4,11,19,24,42,27
LOTTO MAX,708,0,2021-04-27,7,11,14,26,27,29,36,2
LOTTO MAX,709,0,2021-04-30,2,14,27,30,31,35,43,38
LOTTO MAX,710,0,2021-05-04,1,23,27,33,39,45,49,40
LOTTO MAX,711,0,2021-05-07,1,8,17,21,35,39,46,31
LOTTO MAX,712,0,2021-05-11,14,15,20,32,35,38,50,46
LOTTO MAX,713,0,2021-05-14,3,18,19,24,26,27,45,20
LOTTO MAX,714,0,2021-05-18,5,9,18,27,32,38,40,34
LOTTO MAX,715,0,2021-05-21,5,6,25,31,32,44,48,39
LOTTO MAX,716,0,2021-05-25,6,9,11,19,24,38,46,18
LOTTO MAX,717,0,2021-05-28,7,18,22,40,44,46,50,5
LOTTO MAX,718,0,2021-06-01,6,20,21,28,38,43,47,40
LOTTO MAX,719,0,2021-06-04,2,3,16,28,31,42,47,12
LOTTO MAX,720,0,2021-06-08,1,9,14,24,26,37,42,29
LOTTO MAX,721,0,2021-06-11,20,21,25,33,38,44,45,22
LOTTO MAX,722,0,2021-06-15,2,8,12,13,14,36,43,29
LOTTO MAX,723,0,2021-06-18,11,14,15,24,34,43,47,36
LOTTO MAX,724,0,2021-06-22,7,11,22,28,33,44,49,10
LOTTO MAX,725,0,2021-06-25,10,13,18,33,36,45,47,22
LOTTO MAX,726,0,2021-06-29,6,17,22,23,32,37,47,13
LOTTO MAX,727,0,2021-07-02,6,14,35,37,40,43,46,19
LOTTO MAX,728,0,2021-07-06,10,14,25,26,38,41,50,49
LOTTO MAX,729,0,2021-07-09,11,21,32,33,38,40,44,19
LOTTO MAX,730,0,2021-07-13,2,6,12,13,17,36,48,25
LOTTO MAX,731,0,2021-07-16,13,17,24,26,33,46,48,27
LOTTO MAX,732,0,2021-07-20,2,13,15,19,38,39,46,34
LOTTO MAX,733,0,2021-07-23,7,8,13,21,35,38,45,15
LOTTO MAX,734,0,2021-07-27,5,12,13,32,36,40,48,49
LOTTO MAX,735,0,2021-07-30,4,12,18,19,22,25,44,43
LOTTO MAX,736,0,2021-08-03,4,5,9,15,24,36,48,50
LOTTO MAX,737,0,2021-08-06,14,15,24,43,44,48,49,47
LOTTO MAX,738,0,2021-08-10,14,18,19,32,35,38,41,27
LOTTO MAX,739,0,2021-08-13,1,14,17,20,28,32,38,6
LOTTO MAX,740,0,2021-08-17,5,16,18,33,37,38,39,35
LOTTO MAX,741,0,2021-08-20,2,6,21,31,34,39,45,33
LOTTO MAX,742,0,2021-08-24,1,24,26,29,30,45,50,5
LOTTO MAX,743,0,2021-08-27,9,10,13,25,41,47,49,36
LOTTO MAX,744,0,2021-08-31,3,11,23,26,31,42,50,24
LOTTO MAX,745,0,2021-09-03,1,2,4,10,27,33,45,31
LOTTO MAX,746,0,2021-09-07,5,8,31,36,41,42,43,39
LOTTO MAX,747,0,2021-09-10,11,28,38,40,43,45,48,33
LOTTO MAX,748,0,2021-09-14,17,24,27,33,38,41,48,39
LOTTO MAX,749,0,2021-09-17,3,6,10,26,29,35,45,30
LOTTO MAX,750,0,2021-09-21,4,8,11,14,15,34,45,7
LOTTO MAX,751,0,2021-09-24,5,13,28,35,41,49,50,34
LOTTO MAX,752,0,2021-09-28,2,5,8,18,23,31,35,43
LOTTO MAX,753,0,2021-10-01,4,8,15,39,40,42,48,5
LOTTO MAX,754,0,2021-10-05,2,10,18,19,25,42,48,21
LOTTO MAX,755,0,2021-10-08,5,16,19,21,23,31,36,46
LOTTO MAX,756,0,2021-10-12,7,11,13,30,38,40,43,45
LOTTO MAX,757,0,2021-10-15,14,17,20,24,25,38,48,11
LOTTO MAX,758,0,2021-10-19,12,26,28,32,41,43,50,49
LOTTO MAX,759,0,2021-10-22,2,11,19,33,44,45,47,42
LOTTO MAX,760,0,2021-10-26,2,8,10,14,21,36,40,17
LOTTO MAX,761,0,2021-10-29,1,5,17,18,38,41,48,13
LOTTO MAX,762,0,2021-11-02,7,13,18,30,33,37,41,6
LOTTO MAX,763,0,2021-11-05,2,10,11,17,19,32,42,41
LOTTO MAX,764,0,2021-11-09,2,8,16,17,19,26,42,41
LOTTO MAX,765,0,2021-11-12,4,6,7,10,17,27,44,40
LOTTO MAX,766,0,2021-11-16,5,6,7,17,26,29,42,38
LOTTO MAX,767,0,2021-11-19,1,13,14,17,25,28,41,43
LOTTO MAX,768,0,2021-11-23,14,17,25,27,31,32,34,20
LOTTO MAX,769,0,2021-11-26,9,26,30,35,37,42,50,47
LOTTO MAX,770,0,2021-11-30,4,7,8,22,24,30,49,42
LOTTO MAX,771,0,2021-12-03,7,18,22,35,37,43,45,44
LOTTO MAX,772,0,2021-12-07,9,16,19,24,27,34,40,7
LOTTO MAX,773,0,2021-12-10,17,21,27,32,45,46,49,19
LOTTO MAX,774,0,2021-12-14,3,21,22,26,28,44,49,34
LOTTO MAX,775,0,2021-12-17,9,14,16,33,39,46,49,38
LOTTO MAX,776,0,2021-12-21,13,23,26,27,28,38,47,36
LOTTO MAX,777,0,2021-12-24,3,11,24,25,29,32,42,16
LOTTO MAX,778,0,2021-12-28,11,12,21,27,32,43,49,15
LOTTO MAX,779,0,2021-12-31,7,25,30,35,38,40,49,27
LOTTO MAX,780,0,2022-01-04,7,8,13,20,25,26,48,36
LOTTO MAX,781,0,2022-01-07,4,5,31,39,42,45,50,11
LOTTO MAX,782,0,2022-01-11,1,3,24,25,27,36,47,12
LOTTO MAX,783,0,2022-01-14,2,4,7,10,14,21,34,26
LOTTO MAX,784,0,2022-01-18,2,15,25,28,30,35,38,31
LOTTO MAX,785,0,2022-01-21,10,14,21,26,28,36,50,41
LOTTO MAX,786,0,2022-01-25,11,13,18,20,23,30,40,37
LOTTO MAX,787,0,2022-01-28,3,7,8,10,34,43,47,16
LOTTO MAX,788,0,2022-02-01,9,14,24,26,29,39,49,42
LOTTO MAX,789,0,2022-02-04,5,15,19,22,37,46,47,1
LOTTO MAX,790,0,2022-02-08,16,29,32,34,38,39,47,18
LOTTO MAX,791,0,2022-02-11,1,10,12,30,33,34,36,4
LOTTO MAX,792,0,2022-02-15,19,26,28,36,40,42,48,6
LOTTO MAX,793,0,2022-02-18,2,3,8,11,12,37,49,36
LOTTO MAX,794,0,2022-02-22,3,13,26,27,28,36,45,50
LOTTO MAX,795,0,2022-02-25,2,4,17,28,35,44,46,5
LOTTO MAX,796,0,2022-03-01,5,6,28,36,40,46,50,27
LOTTO MAX,797,0,2022-03-04,2,4,14,18,24,46,47,23
LOTTO MAX,798,0,2022-03-08,10,12,13,18,25,26,37,39
LOTTO MAX,799,0,2022-03-11,5,7,12,22,28,43,47,1
LOTTO MAX,800,0,2022-03-15,3,7,12,17,23,38,40,27
LOTTO MAX,801,0,2022-03-18,5,7,12,18,26,29,46,25
LOTTO MAX,802,0,2022-03-22,14,16,20,26,33,36,48,1
LOTTO MAX,803,0,2022-03-25,3,7,16,18,27,32,37,17
LOTTO MAX,804,0,2022-03-29,7,17,32,34,39,45,47,42
LOTTO MAX,805,0,2022-04-01,7,10,18,29,38,43,50,41
LOTTO MAX,806,0,2022-04-05,14,24,34,39,43,48,50,20
LOTTO MAX,807,0,2022-04-08,1,2,14,15,21,26,29,4
LOTTO MAX,808,0,2022-04-12,3,5,7,19,32,34,50,25
LOTTO MAX,809,0,2022-04-15,1,6,18,21,30,32,37,35
LOTTO MAX,810,0,2022-04-19,1,6,10,27,42,45,50,43
LOTTO MAX,811,0,2022-04-22,13,14,23,30,34,36,42,33
LOTTO MAX,812,0,2022-04-26,3,10,15,31,35,38,42,22
LOTTO MAX,813,0,2022-04-29,8,9,19,32,37,46,48,45
LOTTO MAX,814,0,2022-05-03,6,11,22,24,27,29,33,31
LOTTO MAX,815,0,2022-05-06,3,6,11,18,19,28,41,26
LOTTO MAX,816,0,2022-05-10,6,15,18,19,20,27,28,24
LOTTO MAX,817,0,2022-05-13,2,22,37,38,39,42,47,30
LOTTO MAX,818,0,2022-05-17,10,35,38,40,45,47,48,23
LOTTO MAX,819,0,2022-05-20,5,6,20,29,42,44,47,14
LOTTO MAX,820,0,2022-05-24,12,26,30,31,35,39,45,22
LOTTO MAX,821,0,2022-05-27,4,9,21,22,27,31,34,5
LOTTO MAX,822,0,2022-05-31,6,13,23,27,35,44,50,37
LOTTO MAX,823,0,2022-06-03,2,16,17,21,38,43,45,42
LOTTO MAX,824,0,2022-06-07,6,13,17,20,28,36,44,31
LOTTO MAX,825,0,2022-06-10,8,14,16,17,19,22,24,23
LOTTO MAX,826,0,2022-06-14,11,17,18,25,36,41,50,34
LOTTO MAX,827,0,2022-06-17,1,10,12,21,30,39,40,38
LOTTO MAX,828,0,2022-06-21,2,4,5,22,32,40,50,43
LOTTO MAX,829,0,2022-06-24,3,9,17,19,20,44,50,28
LOTTO MAX,830,0,2022-06-28,8,19,22,41,42,46,47,10
LOTTO MAX,831,0,2022-07-01,1,11,13,14,25,36,47,50
LOTTO MAX,832,0,2022-07-05,12,29,33,35,38,41,46,13
LOTTO MAX,833,0,2022-07-08,7,12,14,18,46,47,49,19
LOTTO MAX,834,0,2022-07-12,8,11,15,16,26,29,40,37
LOTTO MAX,835,0,2022-07-15,4,7,12,18,29,47,49,48
LOTTO MAX,836,0,2022-07-19,6,9,17,19,31,34,46,4
LOTTO MAX,837,0,2022-07-22,1,9,19,34,37,39,49,6
LOTTO MAX,838,0,2022-07-26,3,8,9,15,21,27,31,33
LOTTO MAX,839,0,2022-07-29,7,14,17,18,19,23,41,16
LOTTO MAX,840,0,2022-08-02,4,5,15,18,22,28,32,19
LOTTO MAX,841,0,2022-08-05,7,16,19,33,36,48,49,5
LOTTO MAX,842,0,2022-08-09,16,19,25,26,27,33,45,38
LOTTO MAX,843,0,2022-08-12,4,10,28,36,40,44,47,19
LOTTO MAX,844,0,2022-08-16,1,2,9,21,32,33,43,36
LOTTO MAX,845,0,2022-08-19,5,20,26,33,35,46,48,17
LOTTO MAX,846,0,2022-08-23,9,13,14,19,37,43,50,4
LOTTO MAX,847,0,2022-08-26,3,11,22,26,29,46,48,28
LOTTO MAX,848,0,2022-08-30,5,8,12,23,39,41,48,50
LOTTO MAX,849,0,2022-09-02,8,17,21,31,34,37,39,7
LOTTO MAX,850,0,2022-09-06,16,22,28,30,41,46,47,10
LOTTO MAX,851,0,2022-09-09,1,2,15,18,29,32,36,9
LOTTO MAX,852,0,2022-09-13,9,10,14,32,35,36,46,47
LOTTO MAX,853,0,2022-09-16,2,13,24,34,39,40,46,23
LOTTO MAX,854,0,2022-09-20,9,10,11,20,24,31,48,36
LOTTO MAX,855,0,2022-09-23,15,17,21,24,28,32,43,27
LOTTO MAX,856,0,2022-09-27,10,12,13,26,29,39,46,23
LOTTO MAX,857,0,2022-09-30,9,14,36,37,38,40,48,26
LOTTO MAX,858,0,2022-10-04,10,18,21,22,37,40,46,25
LOTTO MAX,859,0,2022-10-07,7,23,28,31,32,39,40,2
LOTTO MAX,860,0,2022-10-11,3,19,33,36,39,40,42,44
LOTTO MAX,861,0,2022-10-14,2,24,27,31,40,43,46,13
LOTTO MAX,862,0,2022-10-18,12,14,23,25,39,40,44,24
LOTTO MAX,863,0,2022-10-21,1,9,25,35,41,43,50,40
LOTTO MAX,864,0,2022-10-25,3,6,19,23,26,28,43,46
LOTTO MAX,865,0,2022-10-28,12,17,29,30,38,40,50,16
LOTTO MAX,866,0,2022-11-01,2,23,27,34,43,46,49,44
LOTTO MAX,867,0,2022-11-04,4,8,25,27,32,33,34,16
LOTTO MAX,868,0,2022-11-08,4,7,14,18,26,40,42,12
LOTTO MAX,869,0,2022-11-11,5,23,34,35,46,47,50,10
LOTTO MAX,870,0,2022-11-15,9,12,13,22,25,35,47,24
LOTTO MAX,871,0,2022-11-18,3,5,11,17,26,42,49,27
LOTTO MAX,872,0,2022-11-22,2,10,12,18,19,21,34,33
LOTTO MAX,873,0,2022-11-25,3,6,7,10,25,30,37,9
LOTTO MAX,874,0,2022-11-29,1,7,8,19,32,38,39,47
LOTTO MAX,875,0,2022-12-02,4,9,14,18,24,30,45,3
LOTTO MAX,876,0,2022-12-06,1,2,3,14,17,19,41,30
LOTTO MAX,877,0,2022-12-09,2,18,20,22,34,43,48,7
LOTTO MAX,878,0,2022-12-13,12,13,14,31,35,39,50,48
LOTTO MAX,879,0,2022-12-16,6,22,25,42,43,45,48,47
LOTTO MAX,880,0,2022-12-20,3,8,9,20,22,36,50,25
LOTTO MAX,881,0,2022-12-23,7,17,20,22,31,36,48,34
LOTTO MAX,882,0,2022-12-27,5,6,13,16,31,32,35,36
LOTTO MAX,883,0,2022-12-30,6,26,32,37,38,39,46,7
LOTTO MAX,884,0,2023-01-03,9,25,32,34,37,46,50,18
LOTTO MAX,885,0,2023-01-06,7,14,20,24,35,40,50,15
LOTTO MAX,886,0,2023-01-10,10,16,18,33,34,37,45,36
LOTTO MAX,887,0,2023-01-13,3,16,17,23,35,37,47,26
LOTTO MAX,888,0,2023-01-17,1,2,5,6,16,30,45,19
LOTTO MAX,889,0,2023-01-20,9,16,17,19,30,38,49,45
LOTTO MAX,890,0,2023-01-24,10,20,25,29,35,42,45,3
LOTTO MAX,891,0,2023-01-27,4,5,9,13,29,30,35,20
LOTTO MAX,892,0,2023-01-31,2,6,16,23,40,41,48,31
LOTTO MAX,893,0,2023-02-03,7,10,15,17,25,39,45,43
LOTTO MAX,894,0,2023-02-07,1,13,26,30,37,42,50,10
LOTTO MAX,895,0,2023-02-10,6,16,22,23,28,29,34,8
LOTTO MAX,896,0,2023-02-14,9,15,21,28,31,36,38,12
LOTTO MAX,897,0,2023-02-17,10,12,23,26,39,41,45,42
LOTTO MAX,898,0,2023-02-21,2,14,26,31,35,39,49,32
LOTTO MAX,899,0,2023-02-24,1,11,15,21,35,48,49,3
LOTTO MAX,900,0,2023-02-28,1,3,8,24,35,42,43,18
LOTTO MAX,901,0,2023-03-03,10,14,20,37,42,44,46,50
LOTTO MAX,902,0,2023-03-07,1,16,26,28,31,44,45,22
LOTTO MAX,903,0,2023-03-10,18,19,31,36,38,41,43,8
LOTTO MAX,904,0,2023-03-14,4,15,17,24,27,32,41,36
LOTTO MAX,905,0,2023-03-17,5,15,17,22,25,37,46,13
LOTTO MAX,906,0,2023-03-21,7,15,17,20,32,40,50,21
LOTTO MAX,907,0,2023-03-24,5,9,14,23,32,33,46,26
LOTTO MAX,908,0,2023-03-28,5,9,12,19,21,22,49,31
LOTTO MAX,909,0,2023-03-31,1,3,26,28,36,47,50,48
LOTTO MAX,910,0,2023-04-04,6,15,29,32,36,45,48,39
LOTTO MAX,911,0,2023-04-07,15,26,34,41,44,45,46,11
LOTTO MAX,912,0,2023-04-11,4,5,11,12,31,43,44,15
LOTTO MAX,913,0,2023-04-14,17,25,28,30,34,46,49,42
LOTTO MAX,914,0,2023-04-18,5,7,16,20,26,30,36,44
LOTTO MAX,915,0,2023-04-21,7,8,18,26,33,42,46,39
LOTTO MAX,916,0,2023-04-25,4,19,21,33,37,38,39,42
LOTTO MAX,917,0,2023-04-28,1,2,12,15,35,39,45,44
LOTTO MAX,918,0,2023-05-02,2,12,22,30,32,35,36,1
LOTTO MAX,919,0,2023-05-05,8,16,22,24,25,30,32,11
LOTTO MAX,920,0,2023-05-09,18,19,31,33,35,40,50,16
LOTTO MAX,921,0,2023-05-12,4,5,20,26,28,29,48,44
LOTTO MAX,922,0,2023-05-16,11,13,19,25,28,46,49,24
LOTTO MAX,923,0,2023-05-19,12,13,35,41,42,44,47,32
LOTTO MAX,924,0,2023-05-23,1,7,10,18,23,24,34,3
LOTTO MAX,925,0,2023-05-26,2,7,9,12,21,30,37,23
LOTTO MAX,926,0,2023-05-30,13,14,18,19,25,29,38,36
LOTTO MAX,927,0,2023-06-02,1,12,16,21,29,43,49,8
LOTTO MAX,928,0,2023-06-06,4,7,13,16,31,32,39,26
LOTTO MAX,929,0,2023-06-09,7,10,12,31,37,42,44,34
LOTTO MAX,930,0,2023-06-13,1,2,8,12,24,44,45,26
LOTTO MAX,931,0,2023-06-16,11,20,30,34,41,47,49,16
LOTTO MAX,932,0,2023-06-20,5,10,24,30,32,43,48,40
LOTTO MAX,933,0,2023-06-23,8,19,21,29,33,40,46,25
LOTTO MAX,934,0,2023-06-27,1,9,25,31,34,35,38,36
LOTTO MAX,935,0,2023-06-30,1,13,19,26,35,42,49,37
LOTTO MAX,936,0,2023-07-04,2,9,20,21,23,32,43,1
LOTTO MAX,937,0,2023-07-07,12,13,28,32,34,35,40,27
LOTTO MAX,938,0,2023-07-11,5,16,23,24,31,40,48,3
LOTTO MAX,939,0,2023-07-14,3,11,23,27,39,44,48,17
LOTTO MAX,940,0,2023-07-18,2,4,5,15,29,40,49,42
LOTTO MAX,941,0,2023-07-21,4,8,14,25,28,40,41,6
LOTTO MAX,942,0,2023-07-25,15,16,17,18,43,44,48,50
LOTTO MAX,943,0,2023-07-28,4,17,26,28,29,41,48,16
LOTTO MAX,944,0,2023-08-01,2,13,26,28,30,43,46,24
LOTTO MAX,945,0,2023-08-04,2,11,16,21,32,44,47,13
LOTTO MAX,946,0,2023-08-08,7,19,22,34,44,46,49,26
LOTTO MAX,947,0,2023-08-11,7,8,23,28,29,31,37,43
LOTTO MAX,948,0,2023-08-15,13,15,20,29,31,48,49,18
LOTTO MAX,949,0,2023-08-18,1,7,29,36,40,42,50,35
LOTTO MAX,950,0,2023-08-22,2,7,12,19,38,42,50,39
LOTTO MAX,951,0,2023-08-25,7,12,17,18,37,38,45,40
LOTTO MAX,952,0,2023-08-29,13,17,19,22,26,28,40,20
LOTTO MAX,953,0,2023-09-01,1,7,15,30,36,37,46,14
LOTTO MAX,954,0,2023-09-05,8,20,23,26,38,45,47,33
LOTTO MAX,955,0,2023-09-08,15,22,25,29,30,31,34,18
LOTTO MAX,956,0,2023-09-12,6,7,9,12,13,32,37,15
LOTTO MAX,957,0,2023-09-15,1,2,11,27,31,35,44,18
LOTTO MAX,958,0,2023-09-19,4,7,13,20,24,30,48,5
LOTTO MAX,959,0,2023-09-22,12,13,19,26,33,39,43,2
LOTTO MAX,960,0,2023-09-26,3,7,13,20,22,25,47,23
LOTTO MAX,961,0,2023-09-29,2,12,19,26,34,44,46,41
LOTTO MAX,962,0,2023-10-03,1,7,10,15,30,34,47,29
LOTTO MAX,963,0,2023-10-06,4,17,20,23,25,27,41,7
LOTTO MAX,964,0,2023-10-10,5,6,12,28,33,41,47,1
LOTTO MAX,965,0,2023-10-13,8,17,20,23,28,31,33,45
LOTTO MAX,966,0,2023-10-17,2,7,15,16,18,19,25,35
LOTTO MAX,967,0,2023-10-20,3,18,19,21,25,46,50,22
LOTTO MAX,968,0,2023-10-24,4,15,16,17,23,27,47,1
LOTTO MAX,969,0,2023-10-27,6,17,25,28,30,34,36,15
LOTTO MAX,970,0,2023-10-31,22,23,25,26,35,40,44,33
LOTTO MAX,971,0,2023-11-03,5,7,9,10,19,24,40,18
LOTTO MAX,972,0,2023-11-07,4,6,16,19,29,31,44,22
LOTTO MAX,973,0,2023-11-10,7,12,15,16,35,45,48,10
LOTTO MAX,974,0,2023-11-14,9,14,15,19,45,47,50,33
LOTTO MAX,975,0,2023-11-17,2,23,28,30,31,33,37,50
LOTTO MAX,976,0,2023-11-21,7,13,30,34,37,38,42,35
LOTTO MAX,977,0,2023-11-24,2,24,25,28,36,37,46,26
LOTTO MAX,978,0,2023-11-28,1,18,25,26,30,34,39,20
LOTTO MAX,979,0,2023-12-01,4,12,15,22,36,44,46,33
LOTTO MAX,980,0,2023-12-05,3,4,8,10,38,43,47,18
LOTTO MAX,981,0,2023-12-08,8,9,11,23,25,32,34,20
LOTTO MAX,982,0,2023-12-12,2,6,22,23,28,30,42,43
LOTTO MAX,983,0,2023-12-15,1,2,13,15,20,21,45,8
LOTTO MAX,984,0,2023-12-19,2,3,4,13,21,35,38,50
LOTTO MAX,985,0,2023-12-22,8,16,19,25,30,33,47,10
LOTTO MAX,986,0,2023-12-26,1,11,13,17,42,45,49,23
LOTTO MAX,987,0,2023-12-29,3,6,9,25,30,36,42,34
LOTTO MAX,988,0,2024-01-02,9,10,16,29,36,37,50,20
LOTTO MAX,989,0,2024-01-05,3,6,11,24,29,45,50,16
LOTTO MAX,990,0,2024-01-09,1,2,12,20,24,26,28,13
LOTTO MAX,991,0,2024-01-12,5,6,7,18,22,34,36,26
LOTTO MAX,992,0,2024-01-16,2,9,10,14,42,43,44,25
LOTTO MAX,993,0,2024-01-19,11,20,27,28,32,36,50,2
LOTTO MAX,994,0,2024-01-23,4,9,25,31,41,48,49,7
LOTTO MAX,995,0,2024-01-26,7,11,21,22,24,26,35,32
LOTTO MAX,996,0,2024-01-30,1,6,12,18,26,27,40,42
LOTTO MAX,997,0,2024-02-02,7,9,14,18,22,32,42,2
LOTTO MAX,998,0,2024-02-06,10,16,21,29,42,44,50,26
LOTTO MAX,999,0,2024-02-09,5,8,16,32,36,41,42,12
LOTTO MAX,1000,0,2024-02-13,13,16,18,29,35,36,49,34
LOTTO MAX,1001,0,2024-02-16,4,19,29,34,41,44,46,31
LOTTO MAX,1002,0,2024-02-20,1,4,23,24,31,40,48,38
LOTTO MAX,1003,0,2024-02-23,8,16,24,28,40,41,47,10
LOTTO MAX,1004,0,2024-02-27,14,18,22,25,34,40,46,30
LOTTO MAX,1005,0,2024-03-01,15,17,23,32,38,46,47,44
LOTTO MAX,1006,0,2024-03-05,2,4,7,25,33,43,49,38
LOTTO MAX,1007,0,2024-03-08,1,3,6,19,21,33,47,10
LOTTO MAX,1008,0,2024-03-12,3,15,20,21,23,24,34,38
LOTTO MAX,1009,0,2024-03-15,22,24,31,33,39,45,46,2
LOTTO MAX,1010,0,2024-03-19,3,16,19,21,24,40,46,39
LOTTO MAX,1011,0,2024-03-22,2,7,19,28,36,37,44,10
LOTTO MAX,1012,0,2024-03-26,21,24,25,26,31,42,43,30
LOTTO MAX,1013,0,2024-03-29,1,14,17,19,23,42,48,39
LOTTO MAX,1014,0,2024-04-02,11,23,36,38,42,43,49,27
LOTTO MAX,1015,0,2024-04-05,4,8,18,24,26,35,46,5
LOTTO MAX,1016,0,2024-04-09,4,5,22,30,44,46,50,34
LOTTO MAX,1017,0,2024-04-12,17,25,30,35,36,44,50,10
LOTTO MAX,1018,0,2024-04-16,15,19,22,28,34,36,46,25
LOTTO MAX,1019,0,2024-04-19,6,7,14,15,28,39,42,37
LOTTO MAX,1020,0,2024-04-23,7,14,17,26,29,38,39,18
LOTTO MAX,1021,0,2024-04-26,2,3,23,36,38,40,48,42
LOTTO MAX,1022,0,2024-04-30,5,8,18,21,23,31,48,40
LOTTO MAX,1023,0,2024-05-03,3,5,16,20,31,34,38,17
LOTTO MAX,1024,0,2024-05-07,3,22,32,43,46,47,48,49
LOTTO MAX,1025,0,2024-05-10,2,4,14,28,29,30,43,34
LOTTO MAX,1026,0,2024-05-14,10,15,18,27,28,32,43,8
LOTTO MAX,1027,0,2024-05-17,5,13,27,28,32,45,50,44
LOTTO MAX,1028,0,2024-05-21,1,4,6,7,34,40,46,2
LOTTO MAX,1029,0,2024-05-24,1,6,9,11,31,39,50,35
LOTTO MAX,1030,0,2024-05-28,2,6,9,21,22,32,43,3
LOTTO MAX,1031,0,2024-05-31,1,4,18,19,23,28,29,43
LOTTO MAX,1032,0,2024-06-04,5,6,12,15,18,34,37,7
LOTTO MAX,1033,0,2024-06-07,2,3,12,15,32,33,36,9
LOTTO MAX,1034,0,2024-06-11,3,30,39,44,45,47,49,46
LOTTO MAX,1035,0,2024-06-14,5,11,29,31,38,39,49,41
LOTTO MAX,1036,0,2024-06-18,17,19,32,34,37,44,45,22
LOTTO MAX,1037,0,2024-06-21,8,12,32,33,34,46,47,13
LOTTO MAX,1038,0,2024-06-25,3,11,28,40,43,44,45,4
LOTTO MAX,1039,0,2024-06-28,1,5,11,12,13,23,33,21
LOTTO MAX,1040,0,2024-07-02,1,10,11,16,19,23,39,50
LOTTO MAX,1041,0,2024-07-05,2,6,14,19,25,27,44,32
LOTTO MAX,1042,0,2024-07-09,19,22,29,33,41,45,50,44
LOTTO MAX,1043,0,2024-07-12,6,7,8,11,35,41,44,10
LOTTO MAX,1044,0,2024-07-16,10,11,18,26,36,40,49,28
LOTTO MAX,1045,0,2024-07-19,1,3,17,18,20,23,29,35
LOTTO MAX,1046,0,2024-07-23,4,12,14,16,27,35,41,32
LOTTO MAX,1047,0,2024-07-26,3,8,15,29,34,38,39,17
LOTTO MAX,1048,0,2024-07-30,1,4,11,35,42,45,49,36
LOTTO MAX,1049,0,2024-08-02,3,18,26,28,37,39,40,16
LOTTO MAX,1050,0,2024-08-06,7,12,13,30,38,46,48,28
LOTTO MAX,1051,0,2024-08-09,11,16,22,25,31,41,44,30
LOTTO MAX,1052,0,2024-08-13,13,28,30,34,40,45,49,9
LOTTO MAX,1053,0,2024-08-16,5,7,12,18,33,40,50,15
LOTTO MAX,1054,0,2024-08-20,2,11,12,21,24,38,39,33
LOTTO MAX,1055,0,2024-08-23,4,5,9,15,33,37,42,30
LOTTO MAX,1056,0,2024-08-27,4,17,25,38,41,46,50,14
LOTTO MAX,1057,0,2024-08-30,6,7,10,14,28,29,46,44
LOTTO MAX,1058,0,2024-09-03,4,6,10,22,32,39,50,19
LOTTO MAX,1059,0,2024-09-06,5,16,18,20,23,28,39,8
LOTTO MAX,1060,0,2024-09-10,5,16,22,24,31,33,38,30
LOTTO MAX,1061,0,2024-09-13,9,12,13,15,29,30,41,47
LOTTO MAX,1062,0,2024-09-17,2,4,11,16,25,29,47,34
LOTTO MAX,1063,0,2024-09-20,4,8,26,32,35,36,37,33
LOTTO MAX,1064,0,2024-09-24,1,11,21,38,40,43,45,20
LOTTO MAX,1065,0,2024-09-27,4,6,8,16,21,36,50,9
LOTTO MAX,1066,0,2024-10-01,11,12,28,32,36,38,41,44
LOTTO MAX,1067,0,2024-10-04,2,9,20,27,40,45,49,50
LOTTO MAX,1068,0,2024-10-08,10,11,13,20,22,27,48,21
LOTTO MAX,1069,0,2024-10-11,7,20,24,33,44,48,49,43
LOTTO MAX,1070,0,2024-10-15,8,12,19,20,26,32,46,27
LOTTO MAX,1071,0,2024-10-18,6,12,13,21,24,30,47,34
LOTTO MAX,1072,0,2024-10-22,7,8,23,30,32,33,49,22
LOTTO MAX,1073,0,2024-10-25,3,15,23,24,31,33,47,22
LOTTO MAX,1074,0,2024-10-29,20,26,28,29,35,39,47,46
LOTTO MAX,1075,0,2024-11-01,7,16,22,28,30,34,41,44
LOTTO MAX,1076,0,2024-11-05,1,2,9,22,26,32,47,35
LOTTO MAX,1077,0,2024-11-08,2,16,25,38,40,41,44,26
LOTTO MAX,1078,0,2024-11-12,1,12,13,24,28,36,39,35
LOTTO MAX,1079,0,2024-11-15,2,7,10,14,27,32,35,44
LOTTO MAX,1080,0,2024-11-19,2,10,16,18,22,44,50,42
LOTTO MAX,1081,0,2024-11-22,4,6,9,21,40,42,43,24
LOTTO MAX,1082,0,2024-11-26,20,24,31,33,36,41,49,50
LOTTO MAX,1083,0,2024-11-29,6,17,26,29,30,39,49,2
LOTTO MAX,1084,0,2024-12-03,9,14,21,26,29,32,41,47
LOTTO MAX,1085,0,2024-12-06,8,21,29,31,37,38,41,12
LOTTO MAX,1086,0,2024-12-10,3,6,22,30,32,40,46,19
LOTTO MAX,1087,0,2024-12-13,2,17,20,22,32,33,47,24
LOTTO MAX,1088,0,2024-12-17,13,16,27,39,43,45,50,36
LOTTO MAX,1089,0,2024-12-20,5,6,7,24,27,29,32,47
LOTTO MAX,1090,0,2024-12-24,2,10,15,16,31,34,43,46
LOTTO MAX,1091,0,2024-12-27,2,6,13,31,35,37,39,49
LOTTO MAX,1092,0,2024-12-31,7,9,11,16,17,20,33,48
LOTTO MAX,1093,0,2025-01-03,3,10,19,27,33,37,38,7
LOTTO MAX,1094,0,2025-01-07,14,20,21,24,26,35,44,34
LOTTO MAX,1095,0,2025-01-10,1,2,11,19,27,28,36,21
LOTTO MAX,1096,0,2025-01-14,9,12,13,25,27,44,48,14
LOTTO MAX,1097,0,2025-01-17,10,17,19,25,28,34,41,33
LOTTO MAX,1098,0,2025-01-21,13,15,21,35,36,42,47,38
LOTTO MAX,1099,0,2025-01-24,22,27,29,35,39,45,46,33
LOTTO MAX,1100,0,2025-01-28,3,13,19,43,46,47,50,27
LOTTO MAX,1101,0,2025-01-31,2,8,9,16,27,37,38,30
LOTTO MAX,1102,0,2025-02-04,10,14,16,27,35,40,50,22
LOTTO MAX,1103,0,2025-02-07,10,11,20,21,27,32,49,35
LOTTO MAX,1104,0,2025-02-11,1,8,17,22,39,45,46,23
LOTTO MAX,1105,0,2025-02-14,1,7,20,27,30,35,48,44
LOTTO MAX,1106,0,2025-02-18,5,13,18,25,34,36,44,1
LOTTO MAX,1107,0,2025-02-21,3,5,8,25,29,32,43,31
LOTTO MAX,1108,0,2025-02-25,7,19,20,30,34,47,50,38
LOTTO MAX,1109,0,2025-02-28,4,6,15,16,35,43,44,29
LOTTO MAX,1110,0,2025-03-04,15,21,26,35,36,43,45,41
LOTTO MAX,1111,0,2025-03-07,4,12,28,36,38,45,50,49
LOTTO MAX,1112,0,2025-03-11,2,10,19,21,29,35,40,46
LOTTO MAX,1113,0,2025-03-14,18,19,22,27,30,38,50,24
LOTTO MAX,1114,0,2025-03-18,4,14,20,36,38,42,45,43
LOTTO MAX,1115,0,2025-03-21,20,26,30,32,36,40,48,50
LOTTO MAX,1116,0,2025-03-25,1,10,16,36,39,45,47,4
LOTTO MAX,1117,0,2025-03-28,7,13,33,40,44,49,50,32
LOTTO MAX,1118,0,2025-04-01,6,18,27,30,31,43,48,14
LOTTO MAX,1119,0,2025-04-04,6,18,22,40,41,43,46,4
LOTTO MAX,1120,0,2025-04-08,10,12,22,24,31,40,41,19
LOTTO MAX,1121,0,2025-04-11,6,23,24,43,44,49,50,34
LOTTO MAX,1122,0,2025-04-15,12,20,21,27,36,40,42,5
LOTTO MAX,1123,0,2025-04-18,1,3,5,6,14,18,34,7
LOTTO MAX,1124,0,2025-04-22,5,19,25,31,34,38,48,15
LOTTO MAX,1125,0,2025-04-25,5,6,14,17,31,40,48,2
LOTTO MAX,1126,0,2025-04-29,3,11,14,29,33,38,45,18
LOTTO MAX,1127,0,2025-05-02,4,9,19,22,23,32,41,34
LOTTO MAX,1128,0,2025-05-06,5,13,15,20,45,48,49,19
LOTTO MAX,1129,0,2025-05-09,6,10,16,17,30,38,48,25
LOTTO MAX,1130,0,2025-05-13,10,11,13,20,24,44,46,9
LOTTO MAX,1131,0,2025-05-16,20,22,25,31,34,37,46,50
LOTTO MAX,1132,0,2025-05-20,3,7,13,14,20,21,45,5
LOTTO MAX,1133,0,2025-05-23,13,19,23,26,36,39,47,7
LOTTO MAX,1134,0,2025-05-27,5,7,11,18,26,41,46,43
LOTTO MAX,1135,0,2025-05-30,7,9,18,24,25,31,48,14
LOTTO MAX,1136,0,2025-06-03,6,29,39,40,42,44,48,22
LOTTO MAX,1137,0,2025-06-06,2,5,8,9,24,28,32,22
LOTTO MAX,1138,0,2025-06-10,5,9,20,31,37,49,50,29
LOTTO MAX,1139,0,2025-06-13,2,28,34,37,40,46,47,32
LOTTO MAX,1140,0,2025-06-17,2,10,25,36,46,48,50,29
LOTTO MAX,1141,0,2025-06-20,14,17,20,24,42,47,50,25
LOTTO MAX,1142,0,2025-06-24,1,2,7,32,45,46,48,24
LOTTO MAX,1143,0,2025-06-27,8,12,15,27,31,42,47,41
LOTTO MAX,1144,0,2025-07-01,2,5,14,26,33,35,36,10
LOTTO MAX,1145,0,2025-07-04,6,14,23,31,34,35,42,1
LOTTO MAX,1146,0,2025-07-08,7,8,18,27,38,48,50,5
LOTTO MAX,1147,0,2025-07-11,4,5,10,34,36,44,50,23
LOTTO MAX,1148,0,2025-07-15,3,4,7,14,24,41,43,27
LOTTO MAX,1149,0,2025-07-18,9,14,33,40,41,43,44,4
LOTTO MAX,1150,0,2025-07-22,2,3,8,10,42,46,47,20
LOTTO MAX,1151,0,2025-07-25,9,10,22,29,35,37,46,38
LOTTO MAX,1152,0,2025-07-29,10,13,15,17,33,37,46,3
LOTTO MAX,1153,0,2025-08-01,12,21,26,35,39,44,50,18
LOTTO MAX,1154,0,2025-08-05,4,8,12,26,29,33,37,24
LOTTO MAX,1155,0,2025-08-08,7,8,18,28,31,36,41,1
LOTTO MAX,1156,0,2025-08-12,15,16,21,27,28,33,39,10
LOTTO MAX,1157,0,2025-08-15,4,9,19,21,27,41,44,11
LOTTO MAX,1158,0,2025-08-19,7,10,11,17,19,34,45,36
LOTTO MAX,1159,0,2025-08-22,5,8,9,21,22,30,45,16
LOTTO MAX,1160,0,2025-08-26,3,7,14,22,29,33,50,43
LOTTO MAX,1161,0,2025-08-29,3,5,12,18,20,31,34,16
LOTTO MAX,1162,0,2025-09-02,4,14,22,35,37,38,49,45
LOTTO MAX,1163,0,2025-09-05,4,16,20,30,34,46,50,40
LOTTO MAX,1164,0,2025-09-09,2,8,18,25,27,34,42,10
LOTTO MAX,1165,0,2025-09-12,2,3,7,9,13,23,41,42
LOTTO MAX,1166,0,2025-09-16,12,18,25,30,31,38,43,34
LOTTO MAX,1167,0,2025-09-19,3,8,16,26,37,40,44,5
LOTTO MAX,1168,0,2025-09-23,8,9,23,30,38,40,43,41
LOTTO MAX,1169,0,2025-09-26,10,11,21,23,32,36,45,13
LOTTO MAX,1170,0,2025-09-30,14,22,27,31,33,39,50,7
LOTTO MAX,1171,0,2025-10-03,10,17,22,30,36,42,45,33
LOTTO MAX,1172,0,2025-10-07,5,6,16,26,29,37,44,46
LOTTO MAX,1173,0,2025-10-10,4,9,10,16,33,45,50,36
LOTTO MAX,1174,0,2025-10-14,3,9,12,15,28,30,37,1
LOTTO MAX,1175,0,2025-10-17,4,19,20,23,24,43,45,5
LOTTO MAX,1176,0,2025-10-21,1,7,17,18,25,28,45,12
LOTTO MAX,1177,0,2025-10-24,9,16,22,31,36,44,47,40
LOTTO MAX,1178,0,2025-10-28,6,14,17,19,26,43,45,27
LOTTO MAX,1179,0,2025-10-31,12,14,22,29,30,46,48,31
LOTTO MAX,1180,0,2025-11-04,3,4,24,26,28,32,33,45
LOTTO MAX,1181,0,2025-11-07,5,28,31,33,39,40,49,45
LOTTO MAX,1182,0,2025-11-11,1,4,8,18,27,42,50,19
LOTTO MAX,1183,0,2025-11-14,1,7,17,23,27,35,43,4
LOTTO MAX,1184,0,2025-11-18,10,18,21,28,32,38,41,47
LOTTO MAX,1185,0,2025-11-21,7,8,20,30,39,40,47,34
LOTTO MAX,1186,0,2025-11-25,12,15,16,19,21,40,48,4
LOTTO MAX,1187,0,2025-11-28,1,7,12,16,28,47,50,45
LOTTO MAX,1188,0,2025-12-02,7,8,16,21,33,34,37,20
LOTTO MAX,1189,0,2025-12-05,4,15,32,34,40,45,48,7
LOTTO MAX,1190,0,2025-12-09,3,19,20,29,30,34,49,22
LOTTO MAX,1191,0,2025-12-12,4,16,25,28,36,38,41,9
LOTTO MAX,1192,0,2025-12-16,1,6,31,35,37,45,49,11
LOTTO MAX,1193,0,2025-12-19,3,5,20,29,35,38,46,24
LOTTO MAX,1194,0,2025-12-23,3,28,37,38,39,41,43,45
LOTTO MAX,1195,0,2025-12-26,2,6,14,20,43,46,47,19
LOTTO MAX,1196,0,2025-12-30,5,21,32,38,43,44,45,49
LOTTO MAX,1197,0,2026-01-02,5,9,11,22,30,41,43,49
LOTTO MAX,1198,0,2026-01-06,12,21,26,31,37,39,50,3
LOTTO MAX,1199,0,2026-01-09,9,21,26,31,34,36,43,46
LOTTO MAX,1200,0,2026-01-13,14,18,21,22,32,42,46,33
LOTTO MAX,1201,0,2026-01-16,6,9,13,41,43,45,48,34
LOTTO MAX,1202,0,2026-01-20,3,9,15,17,22,31,33,50
LOTTO MAX,1203,0,2026-01-23,3,9,13,16,18,27,29,2
LOTTO MAX,1204,0,2026-01-27,5,9,24,30,36,39,43,21
LOTTO MAX,1205,0,2026-01-30,30,34,38,43,44,46,49,47
LOTTO MAX,1206,0,2026-02-03,4,19,20,31,34,45,48,40
LOTTO MAX,1207,0,2026-02-06,6,23,25,29,40,45,48,33
LOTTO MAX,1208,0,2026-02-10,4,7,17,26,28,30,35,10
LOTTO MAX,1209,0,2026-02-13,3,13,26,36,41,42,43,37
LOTTO MAX,1210,0,2026-02-17,10,11,18,22,28,34,36,45
LOTTO MAX,1211,0,2026-02-20,15,16,29,31,32,45,49,25
LOTTO MAX,1212,0,2026-02-24,6,8,10,25,27,30,31,44
LOTTO MAX,1213,0,2026-02-27,7,9,22,24,34,36,37,19
LOTTO MAX,1214,0,2026-03-03,1,3,4,18,20,23,31,2
LOTTO MAX,1215,0,2026-03-06,3,6,12,21,28,35,41,47
LOTTO MAX,1216,0,2026-03-10,14,16,22,28,33,37,48,47
LOTTO MAX,1217,0,2026-03-13,6,7,23,25,29,30,38,31
LOTTO MAX,1218,0,2026-03-17,7,10,24,25,34,45,49,44
LOTTO MAX,1219,0,2026-03-20,2,14,25,31,36,41,47,13
LOTTO MAX,1220,0,2026-03-24,6,11,32,33,34,39,49,45
LOTTO MAX,1221,0,2026-03-27,5,34,37,38,48,49,50,9
LOTTO MAX,1222,0,2026-03-31,6,11,31,38,40,46,50,37
LOTTO MAX,1223,0,2026-04-03,2,4,6,25,38,44,47,34
LOTTO MAX,1224,0,2026-04-07,3,8,15,19,23,29,37,4
LOTTO MAX,1225,0,2026-04-10,1,11,16,20,28,32,45,50
LOTTO MAX,1226,0,2026-04-14,4,13,20,31,37,43,51,9
LOTTO MAX,1227,0,2026-04-17,7,12,29,38,39,44,52,35
LOTTO MAX,1228,0,2026-04-21,2,12,16,19,24,29,48,10
LOTTO MAX,1229,0,2026-04-24,11,14,26,31,36,39,43,6
LOTTO MAX,1230,0,2026-04-28,9,11,14,17,18,33,41,12
LOTTO MAX,1231,0,2026-05-01,9,13,15,25,27,35,52,39
LOTTO MAX,1232,0,2026-05-05,3,4,9,15,21,26,48,16
LOTTO MAX,1233,0,2026-05-08,2,6,8,33,35,43,44,21
LOTTO MAX,1234,0,2026-05-12,6,12,18,24,32,34,45,51
LOTTO MAX,1235,0,2026-05-15,7,10,18,32,42,43,50,45
LOTTO MAX,1236,0,2026-05-19,5,15,22,24,34,37,49,2
LOTTO MAX,1237,0,2026-05-22,11,22,31,36,42,47,48,44
LOTTO MAX,1238,0,2026-05-26,3,4,5,12,22,32,34,45
LOTTO MAX,1239,0,2026-05-29,3,14,15,40,45,48,49,43
LOTTO MAX,1240,0,2026-06-02,6,7,23,28,34,40,43,52
LOTTO MAX,1241,0,2026-06-05,11,16,27,34,40,47,49,26
LOTTO MAX,1242,0,2026-06-09,6,7,11,12,36,46,50,24
LOTTO MAX,1243,0,2026-06-12,1,12,28,35,41,42,52,20
LOTTO MAX,1244,0,2026-06-16,1,22,25,31,36,37,44,13
LOTTO MAX,1245,0,2026-06-19,5,13,21,33,41,42,51,10
LOTTO MAX,1246,0,2026-06-23,4,17,22,35,47,49,51,2
LOTTO MAX,1247,0,2026-06-26,5,6,16,30,33,43,51,35
LOTTO MAX,1248,0,2026-06-30,6,10,18,23,25,33,42,16
LOTTO MAX,1249,0,2026-07-03,9,18,32,39,41,44,50,15
LOTTO MAX,1250,0,2026-07-07,14,23,25,30,36,38,47,39
LOTTO MAX,1251,0,2026-07-10,15,17,18,21,28,32,46,38
LOTTO MAX,1252,0,2026-07-14,3,17,24,35,37,40,41,31
LOTTO MAX,1253,0,2026-07-17,8,12,13,32,40,41,52,38
LOTTO MAX,1254,0,2026-07-21,1,7,18,19,38,48,52,29
LOTTO MAX,1255,0,2026-07-24,5,7,8,22,30,36,37,2
LOTTO MAX,1256,0,2026-07-28,3,5,15,21,27,38,49,18
LOTTO MAX,1257,0,2026-07-31,3,28,32,37,40,44,47,23
LOTTO MAX,1258,0,2026-08-04,1,13,24,34,46,50,51,36
LOTTO MAX,1259,0,2026-08-07,6,11,23,31,35,43,48,9
LOTTO MAX,1260,0,2026-08-11,9,26,35,39,43,44,47,11
LOTTO MAX,1261,0,2026-08-14,13,29,36,39,46,49,50,1
LOTTO MAX,1262,0,2026-08-18,4,13,21,26,39,43,48,5
LOTTO MAX,1263,0,2026-08-21,1,4,15,18,24,25,51,13
LOTTO MAX,1264,0,2026-08-25,10,15,23,25,28,31,52,43
LOTTO MAX,1265,0,2026-08-28,1,7,8,10,41,42,48,29
LOTTO MAX,1266,0,2026-09-01,5,12,25,30,39,50,52,19
LOTTO MAX,1267,0,2026-09-04,11,12,17,34,45,48,52,31
LOTTO MAX,1268,0,2026-09-08,12,18,19,35,43,49,52,26
LOTTO MAX,1269,0,2026-09-11,1,38,41,44,45,49,51,47
LOTTO MAX,1270,0,2026-09-15,2,23,30,38,40,44,49,18
LOTTO MAX,1271,0,2026-09-18,6,8,11,14,30,39,41,47
LOTTO MAX,1272,0,2026-09-22,1,10,12,17,30,37,42,8
LOTTO MAX,1273,0,2026-09-25,8,24,38,41,43,50,52,7
