Série éliminée,Combinaisons éliminées (7/52),% des combinaisons,% des vrais tirages qui avaient ce motif
"Suite consécutive de 2+ (ex. 10, 11)",80259880,0.5999188546122213,0.6155844155844155
"Suite consécutive de 3+ (ex. 10, 11, 12)",9698686,0.07249480807052772,0.07532467532467532
"Suite consécutive de 4+ (ex. 10, 11, 12, 13)",795616,0.0059469941822883,0.003896103896103896
"Suite consécutive de 5+ (ex. 10, 11, 12, 13, 14)",49726,0.0003716871363930187,0.0
"Suite consécutive de 6+ (ex. 10, 11, 12, 13, 14, 15)",2116,1.5816473889064626e-05,0.0
"Suite consécutive de 7+ (ex. 10, 11, 12, 13, 14, 15, 16)",46,3.438363888927093e-07,0.0
"Progression de 3+ termes (ex. 5, 9, 13)",88719365,0.6631510018794396,0.6818181818181819
"Progression de 4+ termes (ex. 5, 9, 13, 17)",6932047,0.05181500017640302,0.04935064935064935
"Progression de 5+ termes (ex. 5, 9, 13, 17, 21)",318875,0.00238349627191658,0.0025974025974025974
"Progression de 6+ termes (ex. 5, 9, 13, 17, 21, 25)",12041,9.000291214471983e-05,0.0
"Progression de 7+ termes (ex. 5, 9, 13, 17, 21, 25, 29)",200,1.4949408212726491e-06,0.0
