,partage-10,conseil-9,étalées-10,optimal-10
lignes,10.0,9.0,10.0,10.0
chevauchement max,1.0,6.0,1.0,1.0
co-gagnants attendus (moy.),0.1649095497290324,0.1961323429335459,0.2038532317582434,0.19669494288685835
popularité relative vs choix rapide,0.7354117183432239,0.8746493067044515,0.9090804971784874,0.8771582129447825
part de gros lot attendue,0.858435747421427,0.8360278909835961,0.8306660426865217,0.8356348507562341
toutes ≤ 31 (anniversaires),0.0,0.0,0.0,0.0
tous impairs ou tous pairs,0.0,0.0,0.0,0.0
suite arithmétique,0.0,0.0,0.0,0.0
3+ consécutifs,0.0,0.0,0.0,0.0
copie d’un des 10 derniers tirages,0.0,0.0,0.0,0.0
somme multiple de 10,3.0,3.0,0.0,0.0
